Name,CC,PV,Internet,Chomage,Evolution tourisme,LPI,Distance capitale,RL,RQ,Evolution population,Dispo alim volaille,Tourisme_log,Population_log,Production volaille_log,Importation volaille_log
Afghanistan,-1.5345002343118377,-3.040875445535215,-1.5140954433324796,0.6497212252685665,-0.6543315758139548,-1.7440512679774278,-0.03763564828610418,-1.6441997125316299,-1.6423909348657006,1.3830672432370432,-1.1785562719501426,-3.4995379110806444,0.7721579659363993,-0.5959989142287163,0.08266817100389526
Albania,-0.5289905100628987,0.2783757302591699,0.3068507865390205,1.0854095540471584,1.812073691922254,-0.41466314514886105,-1.114428760681073,-0.1667046218843557,0.05437186005658658,-1.217902693375352,-0.14244731024170376,0.36473900966348743,-0.5816779495291848,-0.950066558026128,0.24969567802686107
Algeria,-0.5025564829340087,-1.0280908371429889,-0.24088164700211534,0.7959061250561205,-0.2914274266847974,-0.8078624490840708,-1.180496225271363,-0.8705693775271535,-1.1197682724197329,0.6002070362788257,-0.9195290315230329,0.18056690665622066,0.8423615455173745,0.4994548290471389,-1.383213810186016
Angola,-1.4079219120984978,-0.5593285821385919,-1.0486184052708458,1.6230331867217287,-0.7606362807345395,-1.5568135041987567,0.15044350494270534,-1.3640956280751255,-1.3796709172210295,1.804755880565929,-0.6242742050222014,-0.37968514583025653,0.6670261904981986,-0.404483686386577,1.500063967234991
Argentina,-0.1294300230762121,0.36868529627364793,0.7497952108373968,0.14147789108071068,-0.24910297549792082,0.01598371154208296,1.3777532201341012,-0.13135152351208412,-0.20271341190133566,-0.26836517576695734,1.1744254435380777,0.4325237930411889,0.8743013863461798,1.5002377260196986,-0.6838103600497409
Armenia,-0.5264487766851209,-0.2777698168357272,0.39416991438318705,1.817767238276963,0.9360131348471069,-0.5082820270381972,-0.6202547815883795,-0.28746655593430986,0.22693594671327438,-0.7621613864850956,-0.29098041314396234,0.05690382836746729,-0.5705603344651582,-1.0250142131808402,0.19873853283327328
Australia,1.899889905741667,1.0184223118778555,1.2059679952822355,-0.352075293863788,-0.10687082272214068,1.6262284800386562,2.9713644023079513,1.7788101385768553,1.9596202453885863,0.04638195063177705,1.730518889769705,0.5007394781762625,0.5638679139286455,1.2415725478148205,-0.27892435769931756
Austria,1.6665587816616552,1.1899527649065307,1.2577490662873798,-0.35762888687042294,-0.3294278120338397,2.1504942186189364,-1.259350941072677,1.9385221617181554,1.5088405904486681,-0.47482996710801506,0.08035234411168438,0.8025565849295169,0.015823658522033546,0.19973624320572442,0.915584839994745
Azerbaijan,-0.829423395316247,-0.4618465145387498,0.9250042361104805,-0.45813100547436625,-0.2563492337387289,-0.33976803963739244,-0.5152927612312252,-0.705898415143969,-0.2745564194073854,-0.11543766032316675,-0.4703069642088845,0.20449155434789223,0.07462197264654695,0.02957399187617679,0.03874562175653279
Bahamas,1.1617705328349637,1.0608656657526652,0.9845852400079803,0.4017801697465391,-0.2788626718287165,-0.6580722380611344,0.37661801073769013,0.4530196662065138,0.010702580984282142,-0.2987546165668135,1.3700544083361745,0.41011726521388414,-1.6616562937094568,-1.287072894412596,-0.03340219082548305
Bangladesh,-1.0393705723207018,-1.5054039526265965,-1.216190138973034,-0.5706360508991013,-1.1207726988254354,-0.5644533561717983,0.5910708695892364,-0.9308484071074006,-0.8943784449497734,-0.18801922301914578,-1.1912359270759452,-0.40381390411398776,1.5642392963077358,0.45135048658712423,-0.449707772109414
Barbados,1.195829760097187,1.0863456830030749,0.6326287445954895,0.1903853391713996,-0.5080018844523386,1.1768578469698445,0.286308049059834,1.0732356885435719,0.42978679143623744,-0.9496318022911412,1.5004737182015724,0.030455684388280408,-1.8151590981898431,-0.8851439460858757,-1.383213810186016
Belarus,-0.061311568551764076,0.11433622647803994,0.7550658463578099,-0.3420429968195441,0.38921838021202604,-0.5831771325496657,-1.040369264083893,-0.7560605974477358,-1.047925264913683,-1.0282100176899864,0.42813717041941207,0.5574919495163557,0.052726253230955,0.752026431317156,-0.11478404136436345
Belgium,1.537947072746093,0.5184750471667339,1.2482196055727297,-0.0837113479302638,-0.4930705148445317,2.169217994996803,-1.4652789657835408,1.5170230095852655,1.342615592689573,-0.6131822806531648,-0.44857041256465147,0.4882297256046049,0.15392983875168328,0.752026431317156,1.6263568860857585
Belize,-0.15128893012510206,0.11541895692401952,-0.1967171547231523,-0.17221053971341524,0.011757758370365504,-0.33976803963739244,0.7554403278642725,-0.5241304779611184,-0.6682842742689703,0.634723594528725,0.21982855049551261,0.047701353287750735,-1.6700840116053823,-0.7529304887346244,-0.27892435769931756
Benin,-0.3597110671028903,0.45971804670156896,-1.3204569954988399,-1.0509322718922778,-1.3183007693340438,-0.24614915774805712,-0.2917822661052037,-0.36255892675166934,-0.5767196568592996,1.22940957136638,-0.3743038611135221,-0.3390802500199145,0.14235697974634254,-0.8015908030908461,0.9860918669892489
Bolivia,-0.7841805411918003,-0.1811623295525158,-0.3845763744543687,-0.6990852826977241,0.16678848193656592,-0.9763764364848755,1.1105529500370814,-1.2841739464840123,-0.990169121624506,0.13576811725758262,0.7940357897640006,-0.01780568189714482,0.1432010056603801,0.8203426494180508,-1.6413428138807842
Bosnia and Herzegovina,-0.5396657902495658,-0.2891337995554274,0.39964899573301554,2.3235024982037578,1.1133517981026428,-0.13380649948085424,-1.1709057868630952,-0.2982187056659992,-0.25553915271460736,-2.1508597231056745,-0.2511300684628686,-0.063728067705336,-0.5014096263999045,-0.22656740694244146,-0.5560584878058707
Botswana,0.855237487474948,1.2974077805454887,-0.3941055280269223,2.170151671956029,-0.884232404071077,-0.33976803963739244,0.6899056654077751,0.48145272747232964,0.529803527376032,0.2821911078897917,-1.0608166172105473,0.09984689645851555,-0.7251620426080645,-1.3620205495673081,-1.200068367439277
Brazil,-0.4293545616540047,-0.6369031098073785,0.4956960495028174,0.9377914689675698,-0.36570712566935715,0.20322147532075444,0.7503787075932422,-0.2465365478566085,-0.18651351805193256,-0.41564211519688077,1.5638719938305854,0.4279345763443504,1.7051384851540543,2.4154308988776423,-1.200068367439277
Bulgaria,-0.2636335454228855,0.5679205000390798,0.3444650495862101,-0.24960254548329677,-0.31436898677640496,0.2781165808322222,-1.064345360104563,-0.19603863776851302,0.5290991841651885,-1.5932645528931477,0.3067747570724446,0.5693300172510363,-0.09995340006284706,0.04327059817510322,0.9040095310077328
Burkina Faso,-0.10299599594732171,-0.9398578336220905,-1.7267104580111472,-0.5186830840628384,-1.1034973778213177,-0.48955825066032965,-0.4646765585209224,-0.41562483864486194,-0.5309373481544641,1.3716550054848426,-1.1368945479653627,-0.530189307523182,0.4315124496899644,-0.36123765259474866,-0.6167352791323798
Cabo Verde,0.885229941332727,0.943353098893132,0.11180268128418278,0.8389016838171658,0.6184087095095604,-0.33976803963739244,-0.3911498640575351,0.7981174527135136,-0.22313936501580067,-0.08930504548183493,-0.09535144834586567,-0.1446094504090474,-1.479130219292342,-1.8961629552452797,-0.449707772109414
Cambodia,-1.3154028171473822,-0.10123521224164031,-0.7916647078014368,-1.3286119222240282,0.8953113325440989,-0.5644533561717983,1.1265370140508613,-1.211229204071094,-0.7394229385641761,0.20939901352244025,-1.1423286858764208,0.38734190697691684,0.3345411368834124,-0.5959989142287163,-0.5560584878058707
Cameroon,-1.137481480702929,-1.343490721129642,-1.1527745909120786,-0.7137754319410812,0.5008316653353952,-0.527005803416064,-0.18362343294529343,-1.1371583765171038,-0.947204185763045,1.1448414935933904,-1.08255316885478,-0.024202373969824265,0.5634644244986641,-0.0906339821689614,-0.449707772109414
Canada,1.9924090006927822,1.3005070943484658,1.4352192315552978,-0.20266572716915562,-0.525920633255386,1.5887809272829219,-0.02111878213853168,1.873410731882575,1.9793418552922077,-0.280047506889999,1.2342009605597184,0.8159550634897649,0.7785417320624097,1.2951663404747054,1.2338690254370248
Central African Republic,-1.1613737744540413,-2.0999569516545966,-1.867857992259321,-0.3083631424567252,-0.6543315758139548,-1.3695757404200852,-0.1676393689315136,-1.6550270478870488,-1.643799621287388,-0.4259809624172451,-1.1350831686616765,-0.6027341250852996,-0.3326208094848556,-1.2221502824723438,-1.0580097255738872
Chad,-1.445539566089611,-1.5517260762567433,-1.7802775528328942,-1.1510760941732123,-0.25065886621984246,-0.8640337782176726,-0.4233843931519911,-1.350094443576784,-1.2810628677029223,1.6024966897751252,-1.2492000647938997,-0.6544933454970822,0.30031981823148396,-1.287072894412596,-1.6413428138807842
Chile,1.1983714934749654,0.7869284550717354,1.0489137370829293,-0.05379360495903651,0.34248553138446713,0.8211060957903691,1.5429218816098262,1.0809055613663683,1.308807118569079,-0.0726796640354115,0.9353233754515151,0.46433187166507883,0.4109900324785035,0.9608952988990697,1.1322445709098756
China,0.0032484592437944963,-0.16030719761267626,0.005221608900692465,-0.5530795310716745,-0.48510926287954037,1.364095610748516,0.6848440451367448,-0.5173129622114118,-0.1470702982446895,-0.671011960732964,-0.5590645500895025,1.215067917379273,2.7329582290634034,2.537014128267069,1.8109092342792403
Colombia,-0.36886130726289074,-0.8493806072429634,0.3016329299366142,0.27386838243242934,-0.09203873440547765,0.10960259343141829,0.7589035417339247,-0.33646660502593034,0.11846709224335651,-0.05749422504023337,0.45711923927838943,0.3065641597161982,0.9316253982509622,1.3431240691585877,0.6990800998181899
"Congo, Rep.",-1.2884604433429365,-0.8369771540470325,-1.6947005482881334,2.361123612119672,-0.6543315758139548,-0.7329673435726022,0.04308387498348403,-1.208728305805913,-1.3867143493294658,1.0018702598062577,0.07310682689694005,-0.5165728171624038,-0.27588179917260675,-1.2221502824723438,0.8802077137581976
Costa Rica,0.6559655906571605,0.9675692310765022,0.6487590536895258,0.03076432727101924,-0.33116912403907245,-0.17125405223658852,0.839623065003513,0.6275369361431866,0.5375513026953118,-0.21759177005497682,0.1600530334738719,0.24968027345814298,-0.29296452112443916,0.14814753902444996,-0.24253591360823398
Côte d’Ivoire,-0.4247794415740047,-1.1614896275411803,-0.38429252389449203,-0.767699028553892,6.714399433559247,0.3717354627215584,-0.27792941062659454,-0.6861978106376263,-0.5189635135701225,1.0176894770217586,-1.1205921342321878,0.10334545429843568,0.5606582628960631,-0.2506813092969927,-0.7587939209977699
Croatia,0.10085102095046611,0.8296355310680825,0.4817282943230745,0.6307315201491048,-0.5085505922906415,0.4091830154772927,-1.244698882393379,0.41721311226482855,0.2600400776229246,-1.5177261844397063,-0.5409507570526418,0.9772888882181348,-0.3829723931006505,-0.22656740694244146,-0.03340219082548305
Cuba,0.09525920751935475,0.7672696949440756,0.11129095327795738,-1.0493199384387384,0.2758057811472138,-1.275956858530749,0.5220729932630868,-0.8773762592812625,-1.335297294937881,-0.9852131747599835,0.013331309875299336,0.34096626103173394,0.1501482026986371,-0.5795160689565068,1.5755562173475615
Cyprus,0.8953968748438388,0.8877706904545003,0.9899173912654095,0.6445259285849402,-0.25152633235308125,0.502801897366628,-0.7555865235717155,1.0360605931253852,1.0080525675388523,-0.46520665411759793,0.45893061858207546,0.2869425951370159,-1.0593916937890593,-0.6490913228155757,-0.358606275437612
Czechia,0.8227033002393908,1.3014396181206973,0.9145467489613558,-0.8355961817640427,-0.09731084451553863,1.4951620453935865,-1.2934502776354073,1.2546705548962525,1.1982252344666298,-0.9824894934196345,0.08216372341537043,0.8435137627171523,0.11617227748797855,0.24637235421750672,0.9490991281631364
Denmark,2.305042206159465,1.175862053967428,1.5989912350685505,-0.3089005869412383,-0.5180679125739371,2.075599113107468,-1.2580189357381955,2.1124710226547885,1.921585712003031,-0.7541611277184408,1.0729882025316573,0.8131629444855597,-0.21452678839002173,0.27514982783572334,1.0354673357032798
Djibouti,-0.7328375269606865,-0.8198336211805923,0.05666275161253106,3.3154458684533723,-0.6543315758139548,-0.4708344742824629,-0.06054614003918863,-1.02221082208474,-0.8253528102870985,0.2769570907572861,-1.1097238584100715,-3.4995379110806444,-1.1783821318716075,-0.2187880830566529,-1.200068367439277
Dominica,0.6930748979727177,1.4082595292749178,0.575699004811381,-0.028354566025418002,-1.1359654020703096,-0.33976803963739244,0.3137473589501561,0.7955111660526779,0.12480618114094887,-0.9612164984967666,0.8103382034971752,-0.4113133657407302,-2.5515340901732624,0.08218715215389946,-1.0580097255738872
Dominican Republic,-0.7704551809517995,0.19239087405365268,0.4994184062256041,-0.30907973510274267,-0.0503698712005622,-0.41466314514886105,0.3774172139383791,-0.5429488501074939,-0.18792220447361951,-0.1694625084967876,0.6944099280612662,0.4534303077890789,0.10970610792584425,0.6008487389975903,0.31185471555393773
Ecuador,-0.744529500498465,-0.06962384978971546,0.06107882516708463,-0.6666594654654358,0.10050394900341698,-0.0027400648357846047,0.9467162938958379,-0.8862846187639709,-1.1099074674679221,0.2726548707151125,-0.16237248258225057,0.10417787706042948,0.35984522106461064,0.6022766324475552,-0.27892435769931756
"Egypt, Arab Rep.",-0.36377784050733486,-1.6753206352960288,-0.34294760985015943,0.7541646034256055,-0.989553751657799,-0.11508272310298749,-0.6897854600483219,-0.7716607740325897,-0.8556395683533743,0.7131695456233659,-0.45943868838676805,0.4854398314374708,1.2946361655124432,1.180028969423461,0.915584839994745
El Salvador,-0.4898478160451191,-0.3189343503208239,-0.7573888271817425,-0.5683071247995447,-0.46643124502196304,-0.5644533561717983,0.8540087226159149,-0.863566387840277,-0.1393225229254097,-0.6991132989863008,-0.1442586895453898,0.15882946590005687,-0.15661762372129545,0.15891249620039014,-0.27892435769931756
Estonia,1.3717177098394182,1.0893636185350146,1.2639630092946834,-0.3135584391403515,-0.08108696368567864,0.8023823194125024,-1.0310452267425216,1.547776185012131,1.6187181313402725,-1.079371971669159,0.04050199943059047,0.41048389440812644,-0.9995964915125346,-0.7529304887346244,-0.11478404136436345
Eswatini,-0.03691092812509635,-0.3718645952259453,-0.7011267559255197,3.042961514805248,-0.5289594931903067,-0.5831771325496657,0.7879412580256248,-0.4458657533099206,-0.49853756045565745,-0.3936083832781473,-0.8724331696271946,0.03008344806697914,-1.0848363267372614,-1.287072894412596,-1.383213810186016
Fiji,0.4084007596615924,0.5390565374124127,-0.01908002002624537,-0.562395235469901,-0.050134905828901274,-0.9951002128627422,2.897571306777668,-0.2625508261945111,-0.292164999678476,-0.8135637757094498,0.4335713083304702,-0.03702083903807811,-1.2174765392103493,-0.6880078767943719,-1.200068367439277
Finland,2.29640031267502,1.4434226023997583,1.2403715977490986,0.19396830240148696,-0.7608547538550471,2.0381515603517335,-1.0139955584611564,2.2741106413224066,1.966663677497023,-0.821110782693437,0.14918475765175548,0.24570037781650778,-0.23553450740210277,0.1334131577952255,-0.27892435769931756
France,1.4494947511994223,0.3574115410911124,0.9809530762946661,0.33173323859833614,-0.5872873714982147,1.79474246743946,-1.5361416495779647,1.3759919631655178,1.3010593432497992,-0.7905936784876392,0.34481372244985214,1.2905875147255528,1.0823869801167034,1.3977246315260565,1.8826051662397387
Gabon,-0.8416237155295809,-0.4580574896333349,-0.09513895091596136,2.284089902672799,-0.6543315758139548,-1.3508519640422176,-0.10183830540811989,-0.6272481911601897,-0.7598488916786416,1.6118375467398751,0.6418799282543697,-3.4995379110806444,-0.7602828971438488,-1.4506648110209464,0.6827555013899392
"Gambia, The",-0.4639221355917842,-0.1527381019999837,-1.1783710531369698,-0.4407536338084437,1.7616844451084213,-0.9014813309734069,-0.398342692863736,-0.545115719803215,-0.6908232570159663,1.434921331080595,-1.0517597206921168,-0.2062997459751899,-0.7230313759890166,-1.699026885953776,-0.27892435769931756
Georgia,0.9406397289682855,-0.051891333554411195,0.2065126703962367,1.1432744102130652,3.1582091289044643,-0.8265862254619383,-0.6143939581166603,0.2894176768079138,0.9770614662617321,-1.2795773882792854,-0.3362648957361144,0.42387770216950416,-0.4057023649218797,-0.7087002494037686,0.4328411207736005
Germany,1.9288656662483346,0.9217236456739272,1.125872611120878,-0.6765126143481752,-0.17599690994137207,2.4687984170426773,-1.2939830797692,1.8630183461019059,1.8138212007439567,-0.7227773716764021,0.1654871713849302,0.8625975699345366,1.2121761134307794,1.3273370533455207,2.206300661388699
Ghana,-0.23008266483621695,0.16194708307505543,-0.6060725889122094,-0.7503216568879697,-0.6543315758139548,-0.5831771325496657,-0.26087974234522937,0.3498913251908076,-0.250608750238702,0.7839082980614829,-0.8669990317161365,-3.4995379110806444,0.6544111992314897,-0.2344732294292437,1.1157079410206965
Greece,0.20455374276380456,0.09090218054273125,0.5858751924809092,2.4822277692966166,-0.6543315758139548,0.5964207792559642,-0.9892202592397976,0.34762480735620704,0.10578891444817133,-1.3992041802555595,-0.13157903441958718,0.8084390183490864,0.11256373461062193,0.44548082933885813,0.7070880601921414
Grenada,0.5176952949060423,1.1741525786201286,0.0014978208972034825,-0.028354566025418002,-0.5658195870100696,-0.33976803963739244,0.35077710724874606,0.6466642379106667,-0.12241828586516261,-0.5899841737643147,1.5312671663642359,-0.23361512348057997,-2.3192968996808507,-1.8961629552452797,-0.7587939209977699
Guatemala,-0.8558574224451371,-0.7547548029304169,-0.6054842080617814,-0.9128090393724199,-0.430677521305712,-0.8827575545955393,0.8617343535559084,-0.9593084828001519,-0.5703805679617067,0.5882736552533941,-0.16961799979699488,0.14427617974554804,0.3639575055189786,0.42333136347594347,1.0161742090804973
Guinea,-1.0688546795029257,-0.8738273589966331,-1.320456967197836,-0.4832117480849759,2.3052880498159563,-1.275956858530749,-0.3133607525238065,-1.1619794568992197,-0.9429781264979832,1.0481788926131932,-1.0191548932257672,-0.6221722905910614,0.1834261667970987,-0.950066558026128,0.23315904813768207
Guinea-Bissau,-1.6585368231473994,-0.6128891606197548,-1.4656858242988187,-0.800483142109189,1.0030554145387953,-0.9202051073512736,-0.3533209125582561,-1.3595847130940375,-1.4353140308776757,1.0738410914201966,-1.1423286858764208,-0.7955556429876404,-0.8253400674382888,-1.5591566188588117,-1.0580097255738872
Guyana,-0.439013148489561,0.0764682859690929,-0.42766084270481536,1.058537329821505,0.19803887636745948,-0.9763764364848755,0.39313487688526266,-0.38899314286697073,-0.48092898018456687,-0.6692425115391804,0.9570599270957479,-0.39347599019397284,-1.283630091683751,-0.5481376096994075,0.718914241543639
Haiti,-1.4099552988007205,-0.9142077775481526,-1.0039325813159252,1.142020373082535,-0.02461198053480963,-1.4444708459315538,0.420041384641792,-1.2302028350247873,-1.5127917840704743,0.021636359896923918,-0.7782414458355185,0.014522529142948501,0.13305158837129646,-1.1136584746344782,0.7820716211401703
Honduras,-0.9204174502406959,-1.0006849397645228,-0.835028030224523,-0.36354077620006675,-0.30061816302887084,-0.527005803416064,0.8111181508456056,-1.1077711906549557,-0.5682675383291758,0.33269486393761794,-0.012028000376305751,0.14709207624219092,0.051524598197245995,0.328049492170206,-0.449707772109414
"Hong Kong SAR, China",1.804829077412773,0.899225362412208,1.3128748812078481,-0.7942129564565366,0.2753502754768751,1.944532678462397,1.0255710096971518,1.642695600458973,2.366026278045357,-0.47920395199501536,2.7557595756560276,0.9740332226055286,-0.08482412694085212,-0.6681603304101451,2.2535874838376375
Hungary,0.21929579635491636,0.957787469158546,0.8412387430103087,-0.6093320537840421,-0.28540347394446475,1.0083438595690406,-1.1991442999541062,0.47852538806467015,0.5037428285748181,-1.2936129639261476,0.49878096326316934,0.9585478810960015,0.06831338391335331,0.7824871657253263,0.5132427948978352
Iceland,1.977158600426115,1.576708590887825,1.642032557367381,-0.8626475541512003,2.370916691781796,0.6525921083895652,-0.9274152117198489,1.8236128859625667,1.515884022557104,-0.6487839351987981,0.9570599270957479,0.17035982921942816,-1.7322803567285263,-1.0673189158552832,-1.383213810186016
India,-0.17721461057843657,-0.6010282059125154,-1.3390760487203013,0.012312066636070694,1.1849686617155024,0.5589732265002298,0.23489264314884217,0.009568394255233198,-0.3083648935278791,-0.19142033519681492,-1.1405173065727348,0.6426094297363791,2.7010421137015777,1.74080161553347,-0.449707772109414
Indonesia,-0.33378538664955576,-0.6123839409762759,-0.8126846190866351,-0.6761543180251666,0.5315672139283402,0.502801897366628,1.5471842986801674,-0.28458866676881894,0.04239802547224487,-0.07553235956276026,-0.8380169628571591,0.6171698991879773,1.834350255316717,1.5307439812016896,-1.6413428138807842
"Iran, Islamic Rep.",-0.6677691524895724,-0.7531815433222765,0.36806928745213363,0.8374684985251307,0.6647799127853824,-0.058911393969385634,-0.4034043131347663,-0.9351793845023106,-1.2719064059619551,-0.0006726312261126696,0.49878096326316934,0.35216032218479837,1.1991831990146538,1.5031524526708582,-0.8438032711264816
Iraq,-1.3936882051829418,-2.5076873991525885,-1.0497653358516685,0.9786372497905628,-0.6543315758139548,-1.3134044112864833,-0.5075671302912316,-1.5946341214788755,-1.2564108553233955,1.5372131854972062,-0.303660068269765,-3.4995379110806444,0.7903554986390967,-0.008956844216262132,1.8357159227818691
Ireland,1.656900194826099,1.208004806105981,1.115440464912478,-0.1512502048174057,-0.38151261446010076,1.1768578469698445,-1.3171599725891807,1.681269977695383,1.7060566894848823,-0.4936632162275837,0.8248292379266638,0.5406051585594659,-0.3146369925795347,0.056591907372991745,0.8491467020575317
Israel,0.8862466346838387,-0.4552889355149783,1.021122771378085,-0.6121984243681118,-0.3955550780265116,0.8023823194125024,-0.6690061768304081,1.1094559240688113,1.2813377333461777,0.2169808374007492,3.7719433650239194,0.294368897982506,-0.020284712927044226,0.9007227339406166,0.718914241543639
Italy,0.25437171696825134,0.38654161129366393,0.3320738875301284,0.6545582256291842,-0.3970419093985278,1.6075047036607892,-1.2359076471858,0.5189472814648456,0.6375680386351064,-0.9177042317726817,0.14193924043701114,1.0817184350224267,1.0468589843902918,1.2588714173973394,0.8362851645108358
Jamaica,-0.1141796228095448,0.23691939484681487,0.0339719676190744,-0.028354566025418002,-0.18493321168466956,-0.6767960144390012,0.5228721964637757,-0.04360343742444566,0.0698674106951462,-0.6544875470568573,1.5693061317416437,0.3197768888721675,-0.5749237178767783,0.12965871929139455,0.12375497188524462
Japan,1.5725146466838729,1.4799408584352982,1.3989174771083683,-0.848315701230852,1.65240680513443,2.1504942186189364,1.0868432550833078,1.6357782264856395,1.4848929212799846,-1.2093416224949458,0.03506786151953234,0.7959403226218202,1.4439057888105493,1.5122322392922993,2.358101833495482
Jordan,0.2365795833238063,-0.448372873769698,0.3850508719589856,1.8922928734627746,-0.9924785392380372,-0.35849181601526003,-0.6293124178628547,0.257750472076661,0.07972821564695697,1.8563104603687333,0.5531223423737516,0.33613636425505916,0.0713825628008339,0.3688900588309916,0.57489976263899
Kazakhstan,-0.710470273236241,0.015221157979361839,0.8291810672382943,-0.4760458216248017,0.17013491829399569,-0.13380649948085424,-0.04003325788817116,-0.43864954614128604,0.024085101990310814,0.13970591608949648,-0.15693834467119241,0.46694401303925254,0.3995681477331111,0.269528986386359,1.2054117983703272
Kenya,-0.8705994760362489,-1.2703103402781826,-1.3529621600921378,-0.7193290249477162,-0.46066469557323453,-0.13380649948085424,0.1666939700233815,-0.5266470090030938,-0.28934762683510157,0.9579099697808023,-1.234709030364411,0.049086230318571296,0.9457708234799341,-0.4908718075028685,-0.449707772109414
"Korea, Rep.",0.49380300115493,0.830014328626614,1.5233999879704836,-0.6994435790207327,0.23144980800539336,1.364095610748516,0.8809152303724442,1.1281474235646247,0.9967830761653537,-0.7896560898492208,-0.24750730985549652,0.6043017331376151,0.9550085869930168,1.0400138498411289,1.054192934358411
Kuwait,-0.3505608269428898,0.08482556088186158,1.6325289367991023,-0.9543714128414301,-0.12020022310736755,-0.040187617591518905,-0.3599809392306644,-0.005464436111244415,-0.1026966759615411,1.886112898244577,1.5982882006006207,0.4572072772451996,-0.39942132956079207,-0.26744839741287435,1.054192934358411
Kyrgyz Republic,-1.1379898273784845,-0.27292840782145616,-0.12491453730469447,-0.5611411983393705,0.21710783375361137,-0.6206246853054,-0.07013657844745654,-0.7066837675405524,-0.394999108461645,0.4956553089102284,-1.080741789551094,0.33630069770655885,-0.17348285755650203,-1.2221502824723438,-0.008433325667906746
Lao PDR,-0.9844691313606991,0.41439465894159644,-1.0668501812242583,-0.7684156211999096,0.508115685780605,-0.33976803963739244,0.9509787109661793,-0.8222568431294432,-0.8302832127630039,0.159496943080834,-0.6260855843258876,0.2947571177446044,-0.11131897621863736,-0.2187880830566529,-0.449707772109414
Latvia,0.7103586849416077,0.8750713639693473,0.966490417220243,0.20740441451431346,-0.2700549082649184,-0.13380649948085424,-1.0763334081148979,0.7245496360134795,1.0383393256051276,-1.9918825001352123,0.03144510291216009,0.4677547446604786,-0.7905576275986914,-0.5186620779996792,0.3264904050771435
Lebanon,-1.0485208124807022,-1.5178327364096007,0.89449878470512,0.48383002771553346,-0.2820367379852801,-0.30232048688165813,-0.6780638131048833,-0.8213335577382418,-0.46543342954600725,1.946682999781625,-0.5699328259116191,0.11114381088815377,-0.12169556081400186,-0.2035931785912426,-0.4025288246849745
Lesotho,0.10237606097713291,-0.15896098289104746,-0.564522285686747,1.5803959242836922,2.073771047019241,-1.1261666475078127,0.8398894660704093,-0.2134237994099552,-0.5316416913653077,-0.47012878026861527,-0.7836755837465765,-0.011568496517076437,-0.7534141087706158,-1.699026885953776,-0.3175194745562626
Liberia,-0.8238315818851356,-0.2402332376215882,-1.4098286151076775,-0.8044244016622849,-0.6543315758139548,-1.219785529397148,-0.2475596890004128,-0.7899017962192328,-1.0239775957450001,1.0283674274175392,-0.5989148947705963,-3.4995379110806444,-0.32040936965274125,-0.8851439460858757,0.3950107180693282
Lithuania,0.7495013789593872,1.1488085462584576,0.8734389323457397,-0.08675686667583775,-0.4141105543051015,0.2593928044543555,-1.0728701942452454,0.9657154331982736,1.1263822269605805,-2.1589048042701706,0.48791268744105276,0.3868055031191036,-0.5889084034193702,0.09042798283300447,0.34079717469866305
Luxembourg,2.2633577787639068,1.602022990450037,1.6088071466497065,-0.3644365170075885,-0.4718273234147923,1.4015431635042503,-1.4466308911007975,1.9652792348375236,1.7525433414005611,0.7143101527036353,0.02601096500110196,-0.032435364348658534,-1.4276646964778428,0.21420268669751047,-0.5006649173030018
"Macao SAR, China",0.6407151903904929,1.6522027295424213,1.080439645419482,-0.9989793050560147,-0.25465322602148077,1.1768578469698445,-1.098178295600397,1.0135640942946829,1.7293000154427218,0.46401687447922657,0.8791706170372465,0.8279751708690933,-1.4006952456759898,-1.5591566188588117,-0.05939047086149454
Madagascar,-0.8955084631384724,-0.5567017491921553,-1.7782629668715895,-0.9735402661223962,-0.6543315758139548,-0.9202051073512736,0.7599691460015101,-0.787969844523887,-0.9507259018172629,1.1627791078524172,-1.100666961891641,-0.35768045835208206,0.58488915606511,-0.0906339821689614,-0.6167352791323798
Malawi,-0.6820028594051284,-0.29140728445334974,-1.756143503124529,-0.44989019004516584,-0.5330749226884167,-0.5457295797939314,0.4538743201376261,-0.224812425599854,-0.8295788695521599,1.2014487266828642,-0.9611907555078126,-0.08819331190303117,0.3873101881697601,0.1371388263727039,-0.6167352791323798
Malaysia,0.12931843478157876,0.06845169031356813,0.967473579448932,-0.742976582266291,-0.48700811401160937,0.6338683320116985,1.2453518898866247,0.19102888476813765,0.7826627400688928,0.013301892367212518,1.0693654439242848,0.7708037215156165,0.6896341658778741,1.3904511174958056,0.6129184879169038
Maldives,-0.8390819821518031,0.031013929070432426,0.40199430429026745,-0.39059214858722435,0.3260261754342311,-0.3959393687709943,0.6768520131298549,-0.6726663509186986,-0.32104307132306426,2.760623933087318,-0.42502248161673245,0.03868781626602314,-1.521574140547143,0.08218715215389946,-0.449707772109414
Mali,-0.6738693125962393,-1.9710602061612825,-1.3130093770403557,-1.0855078670626181,-0.6393777082318248,-0.5457295797939314,-0.4396348582326673,-0.750308965201034,-0.6964580027027152,1.3950899681552154,-1.1024783411953272,-0.4551855087484422,0.4122040867629024,-0.34097649719344436,-1.6413428138807842
Malta,0.8709962344171711,1.3765213879692146,0.999924108801437,-0.6358459816866866,-0.07946746687064293,-0.13380649948085424,-1.085391044389373,1.2350401434114064,1.3271200420510136,-0.5375872039890802,1.0204582027247608,0.22641136214511376,-1.588434027165845,-1.4506648110209464,-0.6167352791323798
Mauritania,-0.8416237155295809,-0.8300689831888608,-1.23416870658919,0.4978035843128734,-0.6543315758139548,-1.0325477656184765,-0.5421992689877546,-0.8059970066166036,-0.8549352251425303,1.324731889648491,-0.988361445063104,-3.4995379110806444,-0.37037948062277465,-1.3620205495673081,-0.03340219082548305
Mauritius,0.34739915859492293,1.2948638788638287,0.046304251079725016,-0.1442634265187359,-0.2628074620399032,-0.2835967105037914,0.9547083259027278,1.0371330757610442,1.1165214220087698,-0.9417940583226523,1.089290616264832,0.03524501467826768,-1.02229839605975,-0.34097649719344436,-1.383213810186016
Mexico,-0.9219424902673626,-1.1668121218367646,-0.04200425357467065,-0.7413642488127518,-0.5891096445021433,0.3155641335879565,0.9192769840055158,-0.724221110865659,0.11353668976745114,-0.0941227032595996,0.4009664808641208,1.106631720297143,1.4323535344253437,1.698422119016828,2.2976035099892935
Moldova,-0.9107588634051399,-0.134678533677725,0.6556642324102487,-1.0632934950360782,0.27977302931636217,-0.789138672706204,-1.0081347349894372,-0.4085913310589386,-0.20482644153386662,-1.1554754879576794,-0.27467799941078763,-0.5267150681914194,-0.39894909525101163,-0.28481443524448163,-0.27892435769931756
Mongolia,-0.4934062427740078,0.9382313535224991,-1.1337336685845378,-0.21466865398994747,-0.5048991819228753,-0.9576526601070079,0.37422040113562316,-0.12802847712470272,-0.10833142164829046,0.5075939964295317,-1.1042897204990132,-0.19643369338328576,-0.5407354845753892,0.08218715215389946,-0.5560584878058707
Montenegro,-0.05876983517398631,0.14312358873783138,0.637240095275694,1.5271889203168987,0.12280540289654893,-0.24614915774805712,-1.1466632897755291,-0.03540737645688114,0.3114571320145088,-1.0458361479112313,-0.22758213751494955,0.11382345958685046,-1.396444087122797,-1.4506648110209464,-0.6838103600497409
Morocco,-0.34852744024066756,-0.5226537955268693,0.2831006764908248,0.297874236074013,-0.27003169137596794,-0.6393484616832669,-1.0478284939569904,-0.34285024016151383,-0.06395779936514204,0.009844052480244819,0.044124758037962716,0.568119087857352,0.7615230114017367,0.993848108868797,-1.200068367439277
Mozambique,-0.938717930560697,-1.1903605226759364,-1.7264897630620517,-0.6489237974765045,-0.6049703033920523,-0.8827575545955393,0.8012613113704413,-1.0022956160088918,-0.8267614967087854,1.3048180021763367,-1.059005237906861,0.06006286859210794,0.6456664465692649,-0.029431337650937826,-0.03340219082548305
Myanmar,-0.7297874469073532,-1.4007386384036262,-1.137204943477332,-1.1109469059962367,2.85931588780665,-1.0887190947520784,0.8500127066124699,-1.108378100774445,-1.0049603290522222,-0.5008000915838325,0.5223288942110883,0.2655772276209565,0.9784096070856984,1.3726544217521692,-1.200068367439277
Namibia,0.43178470673714914,0.8347380319081874,-0.6450535918278137,2.5422424034005755,-0.2137075752011755,-0.5831771325496657,0.5761524098430418,0.28656031415803973,0.03746762299633949,0.4130333136159015,-0.5065345502826062,0.0708946523798138,-0.679307578875319,-1.0250142131808402,0.08266817100389526
Nepal,-0.7501213139295764,-0.5749100971128343,-1.111923282447228,0.5558475886402845,0.17909731076342805,-0.6955197908168687,0.4093853419659388,-0.4200059027151455,-0.7985877682750406,-0.5583725420043609,-1.1550083410022234,-0.05916280352602234,0.6263552981595238,-0.2506813092969927,-0.449707772109414
Netherlands,1.933949133003891,1.0170789652978176,1.4536848230136792,-0.48733215579957617,0.07866052149169521,2.1317704422410677,-1.409867543869104,2.035732124987327,2.1180974678284015,-0.8755016183462274,0.25967889517660653,0.678262357096079,0.3673092017076302,1.1721445149622518,1.9993030534580754
New Zealand,2.286741725839464,1.8660357666575387,1.2489761410249802,-0.5054261201115161,-0.18136457321631144,1.8696375729509285,3.530806642790246,1.9867223934604352,2.2413575297260353,-0.28116925649477126,0.9009071686814794,0.28513505140006623,-0.3204311964511094,0.3979587875197442,-1.6413428138807842
Nicaragua,-1.0739381462584812,-0.13427380392193186,-0.8847705020236529,-0.7626828800317702,0.2327931831879127,-0.5831771325496657,0.8350942468662753,-0.9193570556549692,-0.6210932791424475,-0.03274719771958086,-0.024707655502108374,0.12439169007387837,-0.15689217260554084,0.1831408652700677,-0.8438032711264816
Niger,-0.3937702943651143,-1.1616556089936783,-1.6360760635956386,-1.254265435199721,0.526272855670196,-1.5193659514430224,-0.499042296150549,-0.5434519660038235,-0.7795705015822626,2.22639978867162,-1.2184066166312362,-0.49591449514570946,0.49473034706885705,-0.7766521382480104,-1.200068367439277
Nigeria,-1.1237561204629283,-2.199465389270181,-1.0531652158863074,-0.48858619293010663,-0.6543315758139548,-0.6580722380611344,-0.2915158650383074,-0.7920595272284404,-0.9331173215461723,1.1153960097953337,-1.2202179959349224,-3.4995379110806444,1.6596236983480643,0.34769650344321607,-0.449707772109414
North Macedonia,-0.21584895792066097,-0.2155059116656693,0.7580590039958488,2.740917714508905,0.7421446334244409,-0.33976803963739244,-1.0920510710617812,-0.2821441268266194,0.3121614752253528,-1.0278167609948294,-0.0065938624652476215,-0.15886315170049897,-0.7558567082034056,-1.699026885953776,0.2815335347971408
Norway,2.284708339137241,1.3918956902067257,1.5713694232070257,-0.6078988684920072,-0.2392903695144394,1.5326095981493209,-1.1791642199368815,2.220295530146079,1.9730027663946148,-0.2400228793914544,0.1383164818296389,0.41480202875864136,-0.25680996536679707,0.01548032767829206,-1.383213810186016
Oman,0.03222421975046262,0.7360685606852371,0.9691538126432362,-0.9018810015206542,0.3530153222186258,0.5964207792559642,-0.035504439750933536,0.24446817286819217,0.7178631646712794,3.648705417268316,0.060427171771137426,0.24554300576401494,-0.32455169233397013,-1.2221502824723438,1.001310706187334
Pakistan,-0.908217130027362,-2.5682523431626905,-1.5036687677342029,-0.7798811035361881,-0.6543315758139548,-0.8640337782176726,0.05427271979312993,-0.8682915892637497,-0.8063355435943205,0.636641503214333,-0.9195290315230329,-3.4995379110806444,1.705324666615598,1.2461449705766774,-1.383213810186016
Panama,-0.521365309929565,0.6298812496384613,0.21564072380566446,-0.39757892688589413,-0.08788856632196734,0.7462109902789005,0.7690267822759853,-0.11769159697009929,0.31004844559282185,0.31460429755625,0.5965954456622177,0.18721360523724845,-0.39278522686173317,0.34042159409636913,-0.14439982099020637
Paraguay,-0.7994309414584677,0.04879018096726179,0.257538323832581,-0.25426039768241,-0.16044149127009494,-0.18997782861445608,1.1467834951349822,-0.4724525712783814,-0.24426966134110964,-0.0006061884707612754,-0.9503224796856963,0.34575739718180953,-0.1179702467988881,-0.37169391301730054,-1.6413428138807842
Peru,-0.5564412305429,-0.18538882300066215,-0.13812996981697115,-0.6926359488835673,0.2303664999574473,-0.35849181601526003,1.185944451968743,-0.34627399746943793,0.23186634918917975,0.02502717407447939,-0.060935241575830044,0.35850367095263197,0.6954406114989947,1.3113519361873334,0.5344655753007496
Philippines,-0.6016840846673467,-1.4460202072601118,-0.4677031187443165,-0.8966857048370279,0.3962343915839017,0.034707487919949695,1.3492483059761937,-0.576701145957047,0.08324993170117538,0.17596654007514057,-0.43407937813516284,0.4291464747209093,1.3409680583629724,1.242719691178884,1.4324797903644282
Poland,0.9070888483816174,0.8020214765648002,0.8127448018128122,-0.48195771095444545,-0.2771594481734892,1.2330291761034464,-1.1607825463210346,0.7104933660585674,0.733358715309839,-1.1904507975272771,0.9226437203257125,1.064067855897553,0.7960258516736335,1.5411912540303996,0.48002006819804033
Portugal,0.8969219148705055,1.3430511759568502,0.731038611972992,0.2366055648395234,0.4978880497688246,1.420266939882118,-1.1501265036451813,1.2987378264760072,0.9580441995689546,-1.432630556465518,1.0313264785468774,0.6408166301059801,0.09816230798325906,0.6313326306237522,0.7305247357881038
Romania,0.0032484592437944963,0.24779798307734932,0.357021043134727,-0.47120882126418423,-0.4337527481976105,0.44663056823302694,-1.0342420395452776,0.4730140989479977,0.39668266052658724,-1.5545639453318805,0.1564302748664998,0.5544427757681565,0.44419466845732786,0.6712812320506757,1.0944141682056032
Russian Federation,-0.8858498763029163,-0.5610078300717117,0.8135928110283943,-0.41549374303632963,-0.6257704213932791,-0.2274253813701904,-0.8621469503302479,-0.8381780724611214,-0.5091027086183118,-0.919242312001987,0.6147092386990783,0.7553145398292728,1.5146111126783326,1.8506626086475038,1.3710385909546228
Rwanda,0.5746301225682675,0.19547476984671253,-1.3763142400662358,0.773512604868076,0.6211804278655906,0.16577392256502016,0.08624084782068961,-0.09533313617638862,0.12480618114094887,1.0545552101265132,-1.1858017891648869,0.06914817071826185,0.17957767002563113,-0.7766521382480104,-0.6167352791323798
Samoa,0.6874830845416064,1.3600519173448742,0.14396403704277183,0.3301209051447969,-0.3748658537872616,-0.33976803963739244,2.7419930837102107,1.09063787322852,0.021972072357779867,-0.6038266748888244,2.686927162115956,-0.5052376137906294,-2.0185328647509007,0.08218715215389946,-0.24253591360823398
São Tomé and Príncipe,0.15270238185713517,0.3389242978803352,-0.8022357611126342,0.2240651935342185,-0.6543315758139548,-0.4333869215267286,-0.1372696473053319,-0.4787411368867873,-0.9225521733835181,0.4600620701753513,-0.6949179978659586,-0.9301617377822251,-1.9874922954341976,-1.8961629552452797,-1.383213810186016
Saudi Arabia,0.16693608877269148,-0.7150192965087813,1.4901156887440494,-0.2986891417354901,-0.6067558197954755,0.2406690280764879,-0.28085982236245416,-0.3017515711054004,0.04310236868308885,0.9220082783321216,1.5439468214900385,0.6876170167125472,0.7228950930478237,0.8905851320104667,2.1085420514117654
Senegal,0.0357826464793517,-0.08733437927131302,-0.9129560259256182,-0.6233056103813817,-0.11545807316790677,-1.1823379766414137,-0.41778997074716817,-0.08570705922784451,-0.27666944903991636,1.264260767093571,-0.9847386864557317,0.0361556191267339,0.31446437652277326,-0.11494891713760419,-0.449707772109414
Serbia,-0.3663195738851126,0.22223743400744522,0.6021804759983872,1.060507959598053,0.5932901214794464,-0.0776351703472532,-1.150659305778974,-0.05432783743258419,-0.0491665919374259,-1.2822220239124247,-0.6423879980590623,0.05723824389944731,0.016412912354812417,-0.0674773500001091,-0.449707772109414
Sierra Leone,-0.6306598451740149,-0.09316316351687234,-1.6706037162990617,-0.6989061345362196,-0.6543315758139548,-1.5006421750651548,-0.28751984903486244,-0.7535366207551527,-1.089481514353457,0.7146276161172878,-1.0517597206921168,-0.7516401664606958,-0.07166358252392148,-0.8278781438893367,-0.358606275437612
Slovak Republic,0.2869059042038085,1.1033868092237904,1.0227792712201915,0.10475251797231784,-0.6543315758139548,0.2781165808322222,-1.2431004759920008,0.32717256287628177,0.7551933548459915,-0.9893737071949197,-0.41777696440198814,0.6403948311719422,-0.24172642354980478,-0.15386547111640042,0.5650294183267516
Slovenia,0.8709962344171711,1.212434797697725,0.9207377240551,-0.17794328088155462,0.32902396231157877,0.8023823194125024,-1.2833270370933467,0.8238205491918857,0.6051682509363001,-0.9569675870721183,0.3031519984650725,0.3025229912792538,-0.7572965511057631,-0.1471591941686075,-0.14439982099020637
Solomon Islands,-0.09994591589398848,0.22078916940892357,-1.4527120438253853,-1.2236310995824762,-0.6543315758139548,-0.5831771325496657,2.4697311933421604,-0.16151310646913333,-1.0817337390341772,1.155091169245531,-1.0028524794925926,-0.9595150746735772,-1.3892825528352695,-0.2187880830566529,-0.8438032711264816
South Africa,-0.028269034640651388,-0.3748512260417419,0.07476016797653491,3.489398733274102,-0.14365497411414563,0.933448754057572,0.7370586542484256,0.06734525270388861,0.18678838369518785,0.13950274379579558,1.2794854431518703,0.633297050525365,1.0135568313704542,1.3741140366888622,1.8925720931897336
Spain,0.665115830817161,0.4179339456645965,1.1336215749663745,1.7317761207548723,-0.42115463914960355,1.7760186910615932,-1.266543769878878,1.1422744117529013,0.9164879501291806,-1.2035835594383142,0.9824192373473531,1.157425690415414,0.9063041188628111,1.3276578698337385,1.3092390048828366
Sri Lanka,-0.26312519874733,-0.13142949588824265,-1.0830450687591844,-0.629038351549521,2.446179447963814,-0.527005803416064,0.7469154937235899,-0.06664665091553387,-0.19848735263627376,-0.6393089639735513,-0.7981666181760653,0.1589407641606581,0.4828599539123598,0.32553683866962563,-0.449707772109414
St. Kitts and Nevis,0.5334540418482653,0.8727530661079363,0.5073559296676291,-0.352075293863788,0.5201876422221404,1.1768578469698445,0.2588687391695119,0.9584508447480968,0.4734560705085424,-0.4119722788291365,2.205100267335458,0.0006674354403668255,-2.7182758884086127,0.21420268669751047,-1.0580097255738872
St. Lucia,0.5700550024882671,1.1184450562489348,0.186202768994342,2.0743074055511994,-0.512013866680962,-0.33976803963739244,0.3014929098729249,0.8342839806909668,0.25299664551448825,-0.7026503951639658,2.1652499226543647,-0.02816742309490356,-2.059249750179093,-1.8961629552452797,-0.5560584878058707
St. Vincent and the Grenadines,0.7759354060882776,1.0234526474773495,-0.017121260625261862,2.054242811462712,-0.4535509804112217,-0.33976803963739244,0.3166777706860157,0.7100131123259297,0.14664082067710132,-0.8667747737747878,3.2701912979028744,-0.3423608495360665,-2.324324184619241,0.08218715215389946,-0.6167352791323798
Sudan,-1.4694318598407232,-2.2443364990831594,-1.3241807976528313,0.9750542865604757,0.14853251172055923,-0.8453100018398051,-0.31043034078794685,-1.4178448035355737,-1.6536604262391987,0.9110306823493238,-1.1785562719501426,-0.09547070209299337,0.8348715342791626,-0.18165574161321116,-1.383213810186016
Suriname,-0.1472221567206575,0.2818595709083927,-0.19418123693693745,0.06229440369578579,0.14848974780062235,-0.33976803963739244,0.3694251819314892,-0.20460477537661173,-0.8098572596485384,-0.2458754985589482,0.4027778601678068,-0.36300283064765765,-1.4473321493696427,-1.0673189158552832,-0.20811539830382517
Sweden,2.224215084746127,1.1184917789749949,1.4465718890118977,-0.15035446400988392,-0.1347380253806448,2.18794177137467,-1.1128303542796951,2.045628630437526,1.8701686576114462,-0.4944822048558024,0.007897171964241046,0.4449926318908812,0.07784721696161558,0.2282511000814344,0.7456831770490867
Switzerland,2.423486981563915,1.4737038816776353,1.3229367454062226,-0.4944980822597504,-0.3765234139286194,1.9070851257066628,-1.4194579822773719,2.061504135441822,2.050480519587414,-0.23828760442026786,-0.1007855862569238,0.5591375584386957,-0.006713602384690171,-0.03468757663083244,0.4328411207736005
Tajikistan,-1.194416308365154,-0.6981002901606264,-1.1990606182314758,-0.09356449681300329,-0.34543835211744234,-1.0138239892406098,-0.11355995235155844,-1.1860147585362941,-0.947204185763045,0.9287419935801318,-1.013720755314709,-0.25421690226576166,0.019470195159504638,-1.699026885953776,0.24969567802686107
Tanzania,-0.3068430128451099,-0.7345247439752142,-1.4782202011511913,-1.021731121567068,0.030762712591597487,-0.5831771325496657,0.33319463683358824,-0.46558698319529107,-0.6851885113292174,1.434921331080595,-1.1622538582169677,0.027085446511533138,0.9910566863099298,0.03418253226017673,-1.383213810186016
Thailand,-0.32768522654288856,-1.0940370653558178,-0.04721235576742458,-1.2051788389475275,0.7099183220518304,0.9896200831911739,0.9991973040744151,-0.28717112734771005,0.16495374415903538,-0.775164996544217,-0.4884207572457454,0.8498554837372884,1.1172361004522064,1.3767303517210987,-1.383213810186016
Timor-Leste,-0.646418592116238,0.16663494857767916,-1.115647070450717,-0.5917755339566153,-0.6543315758139548,-0.5831771325496657,1.9635691662391324,-1.0659169456257263,-1.11342918352214,0.4582058537610465,-1.011909376011023,-0.6953149818429307,-1.0313486224076232,-1.8961629552452797,-0.5006649173030018
Togo,-0.6977616063473515,-0.9162133570350955,-1.5565385717605809,-0.6831410963238363,4.976944684844037,-0.8078624490840708,-0.29045026077072206,-0.8061722667276703,-0.9324129783353289,1.0303847396747776,-0.8434511007682173,-0.21016302685672314,-0.05687481467764186,-0.4276403185554295,-0.27892435769931756
Trinidad and Tobago,-0.21279887786732737,0.17206438258179407,0.6122036095586735,-0.7467386936578826,-0.6877347516716866,-0.8640337782176726,0.3763516096707938,0.045688876599219094,-0.05550568083501874,-0.6408681144404303,1.7359530276807629,-0.2352237618969056,-0.974031519911786,-0.22656740694244146,-0.05939047086149454
Tunisia,0.0032484592437944963,-0.8055790903883859,0.04991317882955588,1.3924695028656233,-0.654062901124536,-0.5831771325496657,-1.1424008727051878,-0.043917365826746275,-0.20271341190133566,-0.21682788992890098,-0.13882455163433152,0.4449216995460402,0.15457058049764816,0.3757541357120942,-0.449707772109414
Türkiye,-0.014543674400650906,-1.9562315083999422,0.3919256953595175,0.6022469624699125,-0.4465327830097563,0.502801897366628,-0.8360396457744075,-0.6023210859492137,0.09099770702045519,0.2662766592854652,-0.010216621072619708,0.866033598704495,1.2021082130891159,1.507159596536995,-1.200068367439277
Turkmenistan,-1.4409644460096107,-0.1909342908207921,0.14396403704277183,-0.631008981326069,-0.6543315758139548,-0.8827575545955393,-0.30217190771416064,-1.5220993285557622,-2.055136056420064,0.35753210354749765,-0.9992297208852203,-3.4995379110806444,-0.2121639875390063,-0.7529304887346244,-0.6167352791323798
Uganda,-0.9926026781695885,-0.7365409635679117,-1.7405816716228086,-0.7397519153592127,-0.02818266544372155,-0.5644533561717983,0.08277763395103732,-0.6468318093570262,-0.4844506962387848,1.9471234638337247,-1.1839904098612009,0.040838053879008525,0.8394783376134853,-0.19617017379084362,-0.6167352791323798
Ukraine,-0.9270259570229186,-1.8173465157805397,0.17612539280136089,0.34803572129523236,-1.12243340175186,-0.09635894672511994,-0.9900194624404867,-0.5606012580845641,-0.47811160734119246,-1.4332824790057508,0.0966547578448591,0.6265932182554141,0.8809593129593027,1.2188452455076555,0.9757400217422568
United Arab Emirates,1.1612621861594077,0.9421126346505949,1.5141090909515305,-0.9128090393724199,-0.6543315758139548,2.0194277839738657,-0.13380643343567958,0.4599156671462773,1.1658254467678235,-0.4623557661525409,1.4044706151062103,0.7272900483026407,0.054813684989980335,-0.34097649719344436,1.7836314097435515
United Kingdom,1.9227655061416682,0.6091735751537233,1.3504335098550404,-0.5475259380650395,-0.38132782670416926,2.075599113107468,-1.438905260160804,1.7625646681533627,1.7856474723102114,-0.5537758095374133,1.2178985468265437,0.8857261044827174,1.0977074617970757,1.4151783462099545,2.1568521056582797
United States,1.3976433902927532,0.2142070922586866,1.2331459081557086,-0.5736815696446753,-0.6619385274478738,1.888361349328796,0.11394655877790802,1.4558778005913404,1.6074486399667747,-0.542480820857019,2.33370819789717,1.2472349979538926,1.9443151116653605,2.626337743408215,0.9860918669892489
Uruguay,1.4393278176883104,1.4125730183543392,0.6018646543918116,0.05960718127322036,0.17052950725295704,-0.35849181601526003,1.3457850921065413,0.9813475179488852,0.7058893300869377,-0.8089357245139429,-0.7383911011544245,0.31642000631692296,-0.48800485692909457,-0.5186620779996792,-1.200068367439277
Uzbekistan,-1.2269504956007111,-0.17296290036378115,-0.20331214688336474,-0.3094380314257514,0.7817899323308041,-0.5644533561717983,-0.15272090918531905,-1.0074612910001797,-1.5050440087511945,0.25488450951068053,-1.1622538582169677,0.20384147045312812,0.704134261419574,-0.2187880830566529,-0.449707772109414
Vanuatu,-0.014543674400650906,1.1012942341055734,-1.0039325813159252,-0.4138814095827905,-0.6543315758139548,-0.5831771325496657,2.772096404269496,0.5543630221656322,-0.4520509085399781,1.1405629051587562,-0.5427621363563279,-0.31897045300809634,-1.8165047310085198,-1.8961629552452797,-1.0580097255738872
"Venezuela, RB",-1.4409644460096107,-1.5664820001718185,0.14396403704277183,-0.4500693382066703,-1.0226397958923439,-1.219785529397148,0.4999617047106913,-2.3033164849392027,-2.102327051546587,-1.335419083784002,0.033256482215846296,-0.2553803572289991,0.6595456777820764,0.8778107388528948,-0.008433325667906746
Viet Nam,-0.3820783208273357,0.2618713662439641,0.14821615512838984,-1.0181481583369807,1.2876707711716093,0.7274872139010338,0.9222073957413756,-0.27689050665267706,-0.37246012571464904,-0.24583866460949122,-0.5500076535710722,0.5964132606762916,1.2843261525448444,1.0842944775407988,1.531343038350549
Zambia,-0.4237627482228934,-0.1696444395568682,-1.5625050623661403,-0.5425097895429175,-0.4245601211345096,-0.6580722380611344,0.4568047318734857,-0.42694561364030215,-0.5717892543833941,1.4685877330517287,-1.0680621344252914,-0.04144390971810579,0.36201424473430166,-0.33115399402367707,-0.449707772109414
Zimbabwe,-1.275751776454047,-0.9150172230688036,-1.1081994802932371,-0.21628098744348673,-0.42821421545908067,-1.4257470695536862,0.536725051942385,-1.416316529682426,-1.6156258928536433,0.22834644164098228,-0.988361445063104,0.17769284973485194,0.2717974183621117,-0.16756207741532642,-0.8438032711264816
