,Name,ISO 3 ,IC,CC,PV,Internet,Chomage,Tourisme,Evolution tourisme,LPI,Distance capitale,RL,RQ,Population,Evolution population,Production volaille,Importation volaille,Dispo alim volaille,Tourisme_log,Population_log,Production volaille_log,Importation volaille_log
0,Afghanistan,AFG,Low income,16.61,21.2442702,13.5,11.184,0.0,0.0,1.95,5625,29.511933,32.52,36296.113,12.47776660558025,28.0,29.0,0.54,0.0,10.499493485409689,3.367295829986474,3.4011973816621555
1,Albania,ALB,Upper middle income,36.39,68.6928685,62.40000153,13.616,5118000.0,260.422535211268,2.66,1583,53.423632299999994,56.61,2884.169,-0.6757031328023064,13.0,38.0,6.26,15.448274491090675,7.967338756082678,2.6390573296152584,3.6635616461296463
2,Algeria,DZA,Upper middle income,36.91,50.016967199999996,47.69110107,12.0,2451000.0,38.318284424379236,2.45,1335,42.0323238,39.94,41389.189,8.51873274799539,275.0,2.0,1.97,14.712007070506903,10.63079915105272,5.62040086571715,1.0986122886681098
3,Angola,AGO,Lower middle income,19.1,56.717909899999995,26.0,16.617,261000.0,-11.224489795918368,2.05,6331,34.0451221,36.25,29816.766,14.610305183611441,42.0,277.0,3.6,12.472279517715116,10.302859669348726,3.7612001156935624,5.627621113690637
4,Argentina,ARG,Upper middle income,44.25,69.98384109999999,74.2949068657957,8.347,6711000.0,42.78723404255319,2.89,10938,53.9957849,52.96,43937.14,4.126241260137507,2161.0,8.0,13.53,15.719258678149455,10.690538014592027,7.6787889981991535,2.1972245773362196
5,Armenia,ARM,Upper middle income,36.44,60.742784199999996,64.7448843250726,17.704,1495000.0,167.921146953405,2.61,3438,51.4692278,59.06,2944.791,1.6290445708637655,11.0,35.0,5.44,14.217637433703022,7.9881326508535455,2.4849066497880004,3.58351893845611
6,Australia,AUS,High income,84.17,79.2718127,86.5450488476768,5.592,8815000.0,57.80522735409953,3.75,16920,84.9097362,83.66,24584.62,5.7179616195510965,1269.0,16.0,16.6,15.991965487257096,10.109916998157301,7.146772179452637,2.833213344056216
7,Austria,AUT,High income,79.58,81.72383549999999,87.9355865856062,5.561,29460000.0,34.30590380670162,4.03,1039,87.4945068,77.26,8819.901,3.0821198549961846,148.0,110.0,7.49,17.198544002943088,9.084879297978464,5.003946305945459,4.709530201312334
8,Azerbaijan,AZE,Upper middle income,30.48,58.111413199999994,79.0,5.0,2697000.0,42.022116903633496,2.7,3832,44.697349599999995,51.94,9845.32,4.899617152815384,104.0,27.0,4.45,14.807650972904149,9.194853060297836,4.653960350157523,3.332204510175204
9,Bahamas,BHS,High income,69.65,79.87853919999999,80.59999847,9.8,6136000.0,39.64497041420118,2.53,7180,63.4532161,55.99,381.755,3.972557596093356,6.0,24.0,14.61,15.629683785001836,5.947395097809751,1.9459101490553132,3.2188758248682006
11,Bangladesh,BGD,Lower middle income,26.35,43.193790199999995,21.5,4.372,237000.0,-49.25053533190578,2.58,7985,41.0567713,43.14,159685.424,4.532562011174833,249.0,12.0,0.47,12.37581963951765,11.980967321196989,5.521460917862246,2.5649493574615367
12,Barbados,BRB,High income,70.32,80.24277529999999,71.14849854,8.62,1345000.0,15.450643776824036,3.51,6841,73.4907581,61.94,286.232,0.68098038663929,15.0,2.0,15.33,14.111905314512224,5.660290251580067,2.772588722239781,1.0986122886681098
13,Belarus,BLR,Upper middle income,45.59,66.3479286,74.4364454136036,5.648,11060000.0,110.18624097301407,2.57,1861,43.885527599999996,40.96,9450.231,0.28359933128922893,463.0,21.0,9.41,16.21884564447437,9.153900276554364,6.139884552226255,3.091042453358316
14,Belgium,BEL,High income,77.05,72.1250812,87.6796808175598,7.09,8385000.0,17.02721563154222,4.04,266,80.6729877,74.9,11419.748,2.3824528023959775,463.0,338.0,4.57,15.941955072500024,9.34318698018937,6.139884552226255,5.82600010738045
15,Belize,BLZ,Upper middle income,43.82,66.3634062,48.8771019,6.596,1441000.0,70.33096926713948,2.7,8602,47.6390719,46.35,375.769,8.693287823785498,20.0,16.0,8.26,14.180848568943944,5.931632267555493,3.044522437723423,2.833213344056216
16,Benin,BEN,Lower middle income,39.72,71.28515159999999,18.7,1.691,307000.0,-70.10710808179162,2.75,4671,50.253937,47.65,11175.198,11.70069820945204,18.0,123.0,4.98,12.634606283893019,9.321541617315296,2.9444389791664403,4.820281565605037
18,Bolivia,BOL,Lower middle income,31.37,62.123785399999996,43.83229828,3.655,1109000.0,86.7003367003367,2.36,9935,35.3385702,41.78,11192.855,6.17,533.0,1.0,11.43,13.918970168045353,9.323120245999533,6.280395838960195,0.6931471805599453
19,Bosnia and Herzegovina,BIH,Upper middle income,36.18,60.5803364,64.8920205128383,20.527,923000.0,186.64596273291926,2.81,1371,51.2952156,52.21,3351.525,-5.393797673238292,61.0,10.0,5.66,13.73538559690802,8.11746907224958,4.127134385045092,2.3978952727983707
20,Botswana,BWA,Upper middle income,63.62,83.2599018,43.57640076,19.671,1775000.0,-24.274744027303754,2.7,8356,63.9133752,63.36,2205.08,6.910481598488867,5.0,3.0,1.19,14.389311544271775,7.698972463888446,1.791759469228055,1.3862943611198906
21,Brazil,BRA,Upper middle income,38.35,55.608984299999996,67.4712845236305,12.792,6589000.0,30.475247524752476,2.99,8583,52.131636799999995,53.19,207833.823,3.3814411228178938,14201.0,3.0,15.68,15.700912301664044,12.244498923010676,9.561138078742038,1.3862943611198906
23,Bulgaria,BGR,High income,41.61,72.8319025,63.4101013837926,6.164,11596000.0,35.8959334348998,3.03,1771,52.948892199999996,63.35,7102.444,-2.5739606984168,107.0,108.0,8.74,16.266170855260313,8.868335015843316,4.68213122712422,4.6913478822291435
24,Burkina Faso,BFA,Low income,44.77,51.2782554,7.790400028,4.662,143000.0,-47.42647058823529,2.62,4022,49.3951212,48.3,19193.234,12.420053318776056,46.0,9.0,0.77,11.870606902224587,9.862365200413043,3.8501476017100584,2.302585092994046
26,Cabo Verde,CPV,Upper middle income,64.21,78.1987005,57.1621463484891,12.24,668000.0,134.38596491228068,2.7,4298,69.0382597,52.67,537.498,5.031773450995423,1.0,12.0,6.52,13.41204494952365,6.288783782569119,0.6931471805599453,2.5649493574615367
27,Cambodia,KHM,Lower middle income,20.92,63.2663412,32.9002785437986,0.141,5602000.0,163.6235294117647,2.58,9995,36.5191039,45.34,16009.409,6.542361768660504,28.0,10.0,0.74,15.53863441330985,9.68099435219787,3.367295829986474,2.3978952727983707
28,Cameroon,CMR,Lower middle income,24.42,45.5083351,23.2029719748646,3.573,1081000.0,121.97125256673512,2.6,5077,37.7178621,42.39,24566.073,11.273025580037112,81.0,12.0,1.07,13.893398021690297,10.10916232939967,4.406719247264253,2.5649493574615367
29,Canada,CAN,High income,85.99,83.3042064,92.70140076,6.426,31081000.0,13.558640847643405,3.73,5687,86.440747,83.94,36732.095,4.06716207327815,1417.0,182.0,13.86,17.25210729015229,10.511433398808526,7.257002707092073,5.209486152841421
30,Central African Republic,CAF,Low income,23.95,34.694672499999996,4.0,5.836,107000.0,0.0,2.15,5137,29.336703999999997,32.5,4596.023,3.329156122469161,7.0,4.0,0.78,11.580593459194764,8.433164199056709,2.0794415416798357,1.6094379124341003
31,Chad,TCD,Low income,18.36,42.531616799999995,6.351900101,1.132,87000.0,42.62295081967213,2.42,4177,34.2717165,37.65,15016.753,13.58745209026058,6.0,1.0,0.15,11.373674891823535,9.616988313594227,1.9459101490553132,0.6931471805599453
32,Chile,CHL,High income,70.37,75.9626148,82.3274869338464,7.257,7621000.0,105.25181793697817,3.32,11558,73.6148869,74.42,18470.439,5.115850336570431,712.0,155.0,12.21,15.846418283864622,9.823980980282975,6.569481420414296,5.049856007249537
33,China,CHN,Upper middle income,46.86,62.4219089,54.3,4.47,153260000.0,17.867827451221668,3.61,8337,47.749406199999996,53.75,1421021.791,2.09,18236.0,452.0,3.96,18.847646390031393,14.166887445655757,9.811207776416833,6.115892125483034
34,Colombia,COL,Upper middle income,39.54,52.5716247,62.2598803162841,9.086,4056000.0,59.3713163064833,2.94,8615,50.6762137,57.52,48909.839,5.19264523122703,1564.0,78.0,9.57,15.21570807080145,10.797754307342522,7.355641102974253,4.3694478524670215
36,"Congo, Rep.",COG,Lower middle income,21.45,52.7489317,8.649999619,20.737,151000.0,0.0,2.49,5928,36.5595783,36.15,5110.695,10.55,7.0,104.0,7.45,11.92504173829169,8.539286330740655,2.0794415416798357,4.653960350157523
37,Costa Rica,CRI,High income,59.7,78.5448694,71.5816646195022,7.729,3231000.0,34.12204234122042,2.79,8918,66.277594,63.47,4949.954,4.383009493459337,133.0,17.0,7.93,14.988302554308289,8.507335564265949,4.897839799950911,2.8903717578961645
38,Côte d’Ivoire,CIV,Lower middle income,38.44,48.1100354,43.8399208514876,3.272,1800000.0,778.0487804878048,3.08,4723,45.0161831,48.47,24437.47,10.63,58.0,7.0,0.86,14.403297778421795,10.103913809034601,4.07753744390572,2.0794415416798357
39,Croatia,HRV,High income,48.78,76.5731112,67.0961920368478,11.078,59238000.0,15.392706872370265,3.1,1094,62.8737248,59.53,4182.857,-2.1919525753881937,61.0,24.0,4.06,17.897073802702696,8.338988827340415,4.127134385045092,3.2188758248682006
40,Cuba,CUB,Upper middle income,48.67,75.6815934,57.1484043170788,1.7,4654000.0,98.21124361158434,2.2,7726,41.922161599999995,36.88,11339.254,0.5010403960107933,29.0,312.0,7.12,15.35323783771328,9.336113975619964,3.4011973816621555,5.746203190540153
41,Cyprus,CYP,High income,64.41,77.40415159999999,80.743188971932,11.155,3750000.0,42.53135689851767,3.15,2930,72.8891184,70.15,1179.678,3.130786298395103,25.0,14.0,9.58,15.137266664613225,7.0738441287251534,3.258096538021482,2.70805020110221
42,Czechia,CZE,High income,62.98,83.3175368,78.7191728513432,2.893,34701000.0,58.81464530892448,3.68,911,76.42708999999999,72.85,10641.034,0.5148144345273397,163.0,116.0,7.5,17.362279091763263,9.272566910039389,5.099866427824199,4.762173934797756
43,Denmark,DNK,High income,92.14,81.5224092,97.0993621555621,5.833,30736000.0,14.387793077781913,3.99,1044,90.3096856,83.12,5732.274,1.669503001430433,173.0,133.0,12.97,17.24094519652561,8.654042025242676,5.159055299214529,4.897839799950911
44,Djibouti,DJI,Lower middle income,32.38,52.993998,55.6814092453962,26.064,0.0,0.0,2.63,5539,39.578167,44.12,944.099,6.8840124398132945,62.0,3.0,0.92,0.0,6.85128968391136,4.143134726391533,1.3862943611198906
45,Dominica,DMA,Upper middle income,60.43,84.84452429999999,69.61969757,7.399,230000.0,-50.85470085470085,2.7,6944,68.9960797,57.61,71.458,0.622394953249962,116.0,4.0,11.52,12.345838935721968,4.2830070836507295,4.762173934797756,1.6094379124341003
46,Dominican Republic,DOM,Upper middle income,31.64,67.4637175,67.5712453277737,5.832,7296000.0,63.771043771043765,2.66,7183,47.3345164,53.17,10513.104,4.62640591897161,339.0,42.0,10.88,15.802836947797699,9.260472872903613,5.8289456176102075,3.7612001156935624
47,Ecuador,ECU,Upper middle income,32.15,63.7182247,55.79999924,3.836,1806000.0,79.70149253731343,2.88,9320,41.7779892,40.08,16785.361,6.862255509701947,340.0,16.0,6.15,14.40662556666877,9.72832199042844,5.831882477283517,2.833213344056216
48,"Egypt, Arab Rep.",EGY,Lower middle income,39.64,40.7648362,44.9502042452857,11.767,8292000.0,-35.39540319439034,2.82,3177,43.6330552,43.69,96442.591,9.09,1118.0,110.0,4.51,15.930801873135968,11.476713567188774,7.020190708311925,4.709530201312334
49,El Salvador,SLV,Upper middle income,37.16,60.1543384,33.8207289048526,4.385,2247000.0,19.84,2.58,8972,42.1456598,53.86,6388.126,1.9478875914249363,136.0,16.0,6.25,14.625106996205195,8.76235276180403,4.919980925828125,2.833213344056216
52,Estonia,EST,High income,73.78,80.2859166,88.1024568740199,5.807,6145000.0,60.5276907001045,3.31,1896,81.1706954,78.82,1319.39,0.024866154888868147,20.0,21.0,7.27,15.63114946371619,7.185682426487772,3.044522437723423,3.091042453358316
53,Eswatini,SWZ,Lower middle income,46.07,59.3977021,35.33160019,24.543,1343000.0,13.237774030354132,2.57,8724,48.9057039,48.76,1124.805,3.492868795216971,6.0,2.0,2.23,14.110417220106736,7.026253614306261,1.9459101490553132,1.0986122886681098
55,Fiji,FJI,Upper middle income,54.83,72.419293,53.6473999,4.418,1027000.0,63.79585326953748,2.35,16643,51.8724626,51.69,877.459,1.36909547970906,23.0,3.0,9.44,13.842153462620056,6.778169236077039,3.1780538303479458,1.3862943611198906
56,Finland,FIN,High income,91.97,85.3471794,87.4689290730615,8.64,3180000.0,-11.247557912363941,3.97,1960,92.9256523,83.76,5511.371,1.3309292069729246,129.0,16.0,7.87,14.97239206922172,8.61475011812074,4.867534450455582,2.833213344056216
57,France,FRA,High income,75.31,69.82268309999999,80.5024597243607,9.409,207274000.0,7.079056263593203,3.84,0,78.390549,74.31,64842.509,1.4852584827648758,1750.0,506.0,8.95,19.149552152270946,11.079732092213796,7.467942332285852,6.2285110035911835
58,Gabon,GAB,Upper middle income,30.24,58.165577199999994,51.60490036,20.307,0.0,0.0,2.16,5384,45.970220499999996,45.05,2064.823,13.6346901139251,4.0,76.0,10.59,0.0,7.633283973211784,1.6094379124341003,4.343805421853684
59,"Gambia, The",GMB,Low income,37.67,62.530108899999995,22.5156002,5.097,522000.0,255.10204081632654,2.4,4271,47.2994479,46.03,2213.889,12.74,2.0,16.0,1.24,13.165424782571753,7.7029575683567275,1.0986122886681098,2.833213344056216
60,Georgia,GEO,Upper middle income,65.3,63.9717105,59.7055045962571,13.939,6483000.0,402.5581395348837,2.44,3460,60.8054905,69.71,4008.716,-0.9876007144019804,22.0,51.0,5.19,15.684694078406697,8.296475694849908,3.1354942159291497,3.9512437185814275
61,Germany,DEU,High income,84.74,77.8895081,84.3941537010844,3.781,37452000.0,50.506349461501365,4.2,909,86.2725572,81.59,82658.409,1.8282150571004776,1514.0,842.0,7.96,17.43857069774176,11.322483938270022,7.323170717943469,6.736966958001855
62,Ghana,GHA,Lower middle income,42.27,67.0285244,37.88420105,3.369,0.0,0.0,2.57,4787,61.7841927,52.28,29121.465,9.447735791724519,60.0,151.0,2.26,0.0,10.27926514845331,4.110873864173311,5.0238805208462765
63,Greece,GRC,High income,50.82,66.0129396,69.8929706543154,21.413,30161000.0,0.0,3.2,2053,61.747511499999995,57.34,10569.45,-1.5925701782970931,246.0,79.0,6.32,17.222060290208436,9.265817651278784,5.5093883366279774,4.382026634673881
64,Grenada,GRD,Upper middle income,56.98,81.4979723,54.20000076,7.399,468000.0,9.345794392523365,2.7,7083,66.5871492,54.1,110.874,2.4997688823148687,1.0,7.0,15.5,13.056225711649638,4.717373238007585,0.6931471805599453,2.0794415416798357
65,Guatemala,GTM,Upper middle income,29.96,53.9242978,37.90000153,2.462,2120000.0,23.61516034985423,2.41,9001,40.596174999999995,47.74,16914.97,8.45838396657155,235.0,129.0,6.11,14.566927118346197,9.736013425121902,5.4638318050256105,4.867534450455582
66,Guinea,GIN,Lower middle income,25.77,52.2221591,18.70000076,4.86,99000.0,312.5,2.2,4590,37.3161591,42.45,12067.519,10.784189250585971,13.0,37.0,1.42,11.502885230075814,9.398355605651854,2.6390573296152584,3.6375861597263857
67,Guinea-Bissau,GNB,Low income,14.17,55.952262999999995,14.80000019,3.089,49500.0,175.0,2.39,4440,34.118126499999995,35.46,1828.145,10.913966588907655,3.0,4.0,0.74,10.809748150372926,7.5116039235426575,1.3862943611198906,1.6094379124341003
68,Guyana,GUY,High income,38.16,65.8066075,42.6753006,13.466,247000.0,90.0,2.36,7242,49.8261271,49.01,775.222,2.09894835272658,31.0,80.5,12.33,12.417147664184915,6.654438561743658,3.4657359027997265,4.400603020246817
69,Haiti,HTI,Lower middle income,19.06,51.644922199999996,27.20000076,13.932,1262000.0,66.49076517150397,2.11,7343,36.2120357,34.36,10982.366,5.592819696798532,9.0,89.0,2.75,14.048209114476009,9.304137225461458,2.302585092994046,4.499809670330265
70,Honduras,HND,Lower middle income,28.69,50.4087337,31.7357924661485,5.528,2144000.0,37.34785393978219,2.6,8811,38.1934627,47.77,9429.013,7.165886175642476,193.0,12.0,6.98,14.57818426759063,9.151652754205557,5.267858159063328,2.5649493574615367
71,"Hong Kong SAR, China",HKG,High income,82.3,77.5678958,89.4159446487565,3.124,58472000.0,98.16314772765784,3.92,9616,82.70686599999999,89.43,7306.322,3.06,24.0,907.0,22.26,17.884058582244567,8.896632138152976,3.2188758248682006,6.811244378601294
72,Hungary,HUN,High income,51.11,78.40503939999999,76.7505471201922,4.156,54962000.0,38.95434090104667,3.42,1265,63.8659993,62.99,9729.823,-1.0585805888453708,493.0,58.0,9.8,17.822152613512547,9.183053755364607,6.202535517187923,4.07753744390572
73,Iceland,ISL,High income,85.69,87.25249869999999,98.2552011867973,2.742,2353000.0,319.4295900178253,3.23,2285,85.63482139999999,77.36,334.393,2.2024102424607213,10.0,2.0,12.33,14.671202092698785,5.815302978569048,2.3978952727983707,1.0986122886681098
74,India,IND,Lower middle income,43.31,56.121815,18.20000076,7.626,15543000.0,194.20783645655877,3.18,6648,56.2764251,51.46,1338676.785,4.515362109908738,3545.0,12.0,0.75,16.559120998802676,14.10719295717899,8.173575486634153,2.5649493574615367
75,Indonesia,IDN,Upper middle income,40.23,55.959485099999995,32.335806250688,3.783,14040000.0,125.21655437921078,3.15,11574,51.515803399999996,56.44,264650.963,5.101423855216836,2301.0,1.0,2.42,16.457421027787007,12.486170894602287,7.741533589281828,0.6931471805599453
76,"Iran, Islamic Rep.",IRN,Upper middle income,33.66,53.9467875,64.0439736249513,12.232,4867000.0,139.28220255653883,2.85,4252,40.986678999999995,37.78,80673.883,5.48,2174.0,6.0,9.8,15.39798849428095,11.298182566655708,7.684783943522785,1.9459101490553132
77,Iraq,IRQ,Upper middle income,19.38,28.866177699999998,25.96920013,13.02,0.0,0.0,2.18,3861,30.314099799999997,38.0,37552.781,13.257304253544872,96.0,470.0,5.37,0.0,10.53352934453326,4.574710978503383,6.154858094016418
78,Ireland,IRL,High income,79.39,81.9818889,84.1140070623844,6.713,10338000.0,28.80637926738101,3.51,822,83.3311516,80.06,4753.279,2.986877472959155,110.0,99.0,11.6,16.151337081468625,8.466800333619219,4.709530201312334,4.605170185988092
79,Israel,ISR,High income,64.23,58.205153599999996,81.5811835871611,4.14,3863000.0,27.32366512854318,3.31,3255,74.0769444,74.03,8243.848,6.580704115314065,629.0,80.5,27.87,15.16695490051455,9.017343799408362,6.4457198193855785,4.400603020246817
80,Italy,ITA,High income,51.8,70.2390966,63.0773469984291,11.211,89931000.0,27.166673736902386,3.74,1127,64.520185,64.89,60673.701,0.8424425883829997,1315.0,97.0,7.83,18.314553278708324,11.013282102688141,7.182352111885263,4.584967478670572
81,Jamaica,JAM,Upper middle income,44.55,68.10025139999999,55.0720670507751,7.399,4276000.0,49.56278419027632,2.52,7729,55.4158951,56.83,2920.848,2.1735662774004507,128.0,31.0,15.71,15.268528784990469,7.979971571792645,4.859812404361672,3.4657359027997265
82,Japan,JPN,High income,77.73,85.8692068,91.7265472366635,2.822,28691000.0,243.5636450724464,4.03,9846,82.5949156,76.92,127502.725,-0.6324085967261854,2215.0,1069.0,7.24,17.172094077554544,11.755900858840123,7.703459047867175,6.975413927455952
83,Jordan,JOR,Lower middle income,51.45,58.3040185,64.5,18.12,4565000.0,-35.70422535211268,2.69,3404,60.2929902,56.97,9785.843,14.871023923865097,210.0,64.0,10.1,15.333929291069232,9.188794211609197,5.351858133476067,4.174387269895637
84,Kazakhstan,KAZ,Upper middle income,32.82,64.9310816,76.4267482325439,4.9,7701000.0,87.05367986397863,2.81,5616,49.0224906,56.18,18080.019,6.189914000943386,171.0,174.0,6.18,15.856860878374645,9.802617992977437,5.147494476813453,5.1647859739235145
85,Kenya,KEN,Lower middle income,29.67,46.5544465,17.82710075,3.542,1449000.0,20.448877805486283,2.81,6392,47.598344499999996,51.73,50221.142,10.327686648199611,35.0,12.0,0.23,14.186384911433706,10.82421128413174,3.58351893845611,2.5649493574615367
86,"Korea, Rep.",KOR,High income,56.51,76.57852609999999,95.0694218761004,3.653,13336000.0,93.52778987084604,3.61,9073,74.3794466,69.99,51096.415,1.49,838.0,137.0,5.68,16.405977778397766,10.841489187828078,6.732210706467206,4.927253685157205
87,Kuwait,KWT,High income,39.9,65.9260745,97.9999893344615,2.23,7407000.0,56.397804054054056,2.86,4415,56.0331346,54.38,4056.099,15.021739031799216,56.0,137.0,15.87,15.817936192002843,8.308223465176402,4.04305126783455,4.927253685157205
88,Kyrgyz Republic,KGZ,Lower middle income,24.41,60.811992,50.80530167,4.425,4568000.0,92.01345102984448,2.55,5503,44.684639499999996,50.23,6189.733,7.99,7.0,25.0,1.08,15.334586249232144,8.730808775469217,2.0794415416798357,3.258096538021482
89,Lao PDR,LAO,Lower middle income,27.43,70.63725509999999,25.51040077,3.268,3869000.0,122.74035693724812,2.7,9336,42.814211199999995,44.05,6953.035,6.29,62.0,12.0,3.59,15.168506892147336,8.84707734562963,4.143134726391533,2.5649493574615367
90,Latvia,LVA,High income,60.77,77.2226151,80.1140770037369,8.715,7726000.0,40.574963609898106,2.81,1726,67.8476422,70.58,1951.097,-4.589827561166328,33.0,43.0,7.22,15.860101951641438,7.576659458361351,3.5263605246161616,3.784189633918261
91,Lebanon,LBN,Lower middle income,26.17,43.0161211,78.18080139,10.258,1857000.0,39.30982745686421,2.72,3221,42.8291536,49.23,6819.373,15.328050529830595,64.0,13.0,3.9,14.43447337883766,8.827669441424062,4.174387269895637,2.6390573296152584
92,Lesotho,LSO,Lower middle income,48.81,62.441153,39.0,16.379,1137000.0,288.05460750853246,2.28,8919,52.6675317,48.29,2091.534,3.1058944161535758,2.0,15.0,2.72,13.943904652239762,7.646131050738196,1.0986122886681098,2.772588722239781
93,Liberia,LBR,Low income,30.59,61.2793685,16.29999924,3.067,0.0,0.0,2.23,4837,43.3378435,41.3,4702.226,10.683999892663804,15.0,48.0,3.74,0.0,8.45600393522381,2.772588722239781,3.8918202981106265
95,Lithuania,LTU,High income,61.54,81.1356801,77.6152565124514,7.073,5590000.0,25.364431486880466,3.02,1739,71.7506562,71.83,2845.414,-5.434482776956888,118.0,44.0,9.74,15.536490024022143,7.9538152353930105,4.77912349311153,3.8066624897703196
96,Luxembourg,LUX,High income,91.32,87.6143673,97.3629603241751,5.523,1046000.0,19.27023945267959,3.63,336,87.9275418,80.72,591.91,9.095768209967567,152.5,11.0,7.19,13.860484879629492,6.385042616821721,5.033700567027251,2.4849066497880004
97,"Macao SAR, China",MAC,High income,59.4,88.3316852,83.1740890688259,1.981,32611000.0,42.20119478480792,3.51,1644,72.5250363,80.39,622.585,7.83,3.0,23.0,11.9,17.300160243399876,6.43548508301363,1.3862943611198906,3.1780538303479458
98,Madagascar,MDG,Low income,29.18,56.7554604,6.406000137,2.123,285000.0,0.0,2.39,8619,43.3691101,42.34,25570.512,11.363738610977482,81.0,9.0,0.97,12.560247968016562,10.149234198332088,4.406719247264253,2.302585092994046
99,Malawi,MWI,Low income,33.38,60.547836999999994,7.0,5.046,837000.0,12.80323450134771,2.59,7470,52.483218799999996,44.06,17670.196,11.559296296562861,130.0,9.0,1.74,13.637580544214028,9.77969124836558,4.875197323201151,2.302585092994046
100,Malaysia,MYS,Upper middle income,49.34,65.6920105,80.1404790103961,3.41,25948000.0,17.667331761291493,3.22,10441,59.2131717,66.95,31104.646,5.550671125646505,1724.0,68.0,12.95,17.071605131853698,10.345144625098674,7.45298232946546,4.23410650459726
101,Maldives,MDV,Upper middle income,30.29,65.1568388,64.95500183,5.377,1390000.0,103.51390922401171,2.67,8307,45.2351755,51.28,496.402,19.444263979422168,116.0,12.0,4.7,14.144815024531075,6.2093985522699455,4.762173934797756,2.5649493574615367
102,Mali,MLI,Low income,33.54,36.5372477,18.89999962,1.498,193000.0,1.5789473684210527,2.59,4116,43.978611699999995,45.95,18512.43,12.538567211599574,48.0,1.0,0.96,12.170450649220749,9.826251693641058,3.8918202981106265,0.6931471805599453
103,Malta,MLT,High income,63.93,84.3908285,81.0119110762945,4.008,2944000.0,60.698689956331876,2.81,1692,76.1093925,74.68,437.933,2.7647477067987594,4.0,9.0,12.68,14.89528009850476,6.084346781837639,1.6094379124341003,2.302585092994046
105,Mauritania,MRT,Lower middle income,30.24,52.8476838,21.01720047,10.336,0.0,0.0,2.33,3731,43.0773595,43.7,4282.57,12.182756541333124,5.0,24.0,1.59,0.0,8.362542053047157,1.791759469228055,3.2188758248682006
106,Mauritius,MUS,Upper middle income,53.63,83.22353679999999,55.4032403002657,6.752,1371000.0,41.340206185567006,2.73,9350,72.90647539999999,71.69,1264.499,0.720616957080002,48.0,2.0,13.06,14.131051687938788,7.143221789783365,3.8918202981106265,1.0986122886681098
107,Mexico,MEX,Upper middle income,28.66,48.033950499999996,53.0317886110982,3.419,99349000.0,6.886646296854155,3.05,9217,44.4008161,57.45,124777.324,5.007409879968437,3249.0,972.0,9.26,18.414149471551706,11.734294033934885,8.086410275323782,6.880384082186005
109,Moldova,MDA,Upper middle income,28.88,62.788269899999996,71.76709747,1.622,145000.0,98.63013698630137,2.46,1982,49.5089511,52.93,4059.684,-0.36,54.0,16.0,5.53,11.884495917930655,8.309106711312216,4.007333185232471,2.833213344056216
110,Mongolia,MNG,Upper middle income,37.09,78.1254853,23.71430016,6.359,543000.0,15.778251599147122,2.37,7171,54.0495649,54.3,3113.786,8.050375617107552,116.0,10.0,0.95,13.204866440535003,8.043915729022125,4.762173934797756,2.3978952727983707
111,Montenegro,MNE,Upper middle income,45.64,66.7594431,71.2723325399382,16.082,1877000.0,82.05625606207565,2.75,1462,55.5485397,60.26,627.563,0.19446151881151136,4.0,8.0,5.79,14.445185848333555,6.443436261670228,1.6094379124341003,2.1972245773362196
112,Morocco,MAR,Lower middle income,39.94,57.242174899999995,61.7622120123071,9.22,11540000.0,40.57741503228164,2.54,1833,50.5729013,54.93,35581.255,5.533184344398799,762.0,3.0,7.29,16.261329905699338,10.479602337513924,6.637258031284457,1.3862943611198906
113,Mozambique,MOZ,Low income,28.33,47.6973268,7.7963266079129,3.935,1514000.0,5.2119527449617795,2.41,8774,39.9004736,44.1,28649.018,12.082049219594644,92.0,24.0,1.2,14.230266373481294,10.26290935041494,4.532599493153256,3.2188758248682006
114,Myanmar,MMR,Lower middle income,32.44,44.6899778,23.621081950267,1.356,3443000.0,370.99863201094394,2.3,8957,38.183640499999996,41.57,53382.523,2.950785293382757,1662.0,3.0,9.93,15.051854032764998,10.885257419282022,7.416378479192928,1.3862943611198906
115,Namibia,NAM,Lower middle income,55.29,76.6460513,36.83739853,21.748,1581000.0,46.52455977757183,2.57,7929,60.759247099999996,56.37,2402.633,7.572168982604943,11.0,29.0,4.25,14.273568748702479,7.784736621771416,2.4849066497880004,3.4011973816621555
116,Nepal,NPL,Lower middle income,32.04,56.4951726,24.3,10.66,940000.0,88.0,2.51,7303,49.3242183,44.5,27632.681,2.65963333744848,58.0,12.0,0.67,13.753636218075409,10.226790633799533,4.07753744390572,2.5649493574615367
117,Netherlands,NLD,High income,84.84,79.2526096,93.1972789115646,4.837,17924000.0,77.39509105304829,4.02,474,89.0677475,85.91,17021.347,1.0558671231196526,1100.0,608.0,8.48,16.701651210679287,9.74228228921275,7.00397413672268,6.411818267709897
118,New Zealand,NZL,High income,91.78,91.3884222,87.69999695,4.736,3723000.0,49.939589206604914,3.88,19020,88.2745767,87.66,4702.034,4.06148922820881,223.0,1.0,12.02,15.130040621455409,8.455963111346941,5.4116460518550396,0.6931471805599453
119,Nicaragua,NIC,Lower middle income,25.67,62.7940555,30.39999962,3.3,1958000.0,93.6696340257171,2.57,8901,41.2427467,47.02,6384.846,5.317794418995454,143.0,6.0,6.91,14.487434612797692,8.761839257731836,4.969813299576001,1.9459101490553132
120,Niger,NER,Low income,39.05,48.1076627,10.2243115586561,0.556,164000.0,124.65753424657535,2.07,3893,47.326374,44.77,21602.382,16.742617559687957,19.0,3.0,0.32,12.00762780434872,9.98060515548989,2.995732273553991,1.3862943611198906
121,Nigeria,NGA,Lower middle income,24.69,33.2722023,25.87789917,4.83,0.0,0.0,2.53,4672,43.3029229,42.59,190873.244,11.124115638934825,201.0,12.0,0.31,0.0,12.159370081805822,5.308267697401205,2.5649493574615367
122,North Macedonia,MKD,Upper middle income,42.55,61.632844899999995,74.5168241807954,22.857,631000.0,147.45098039215688,2.7,1667,51.555365699999996,60.27,2081.996,0.28558808554830295,2.0,40.0,7.01,13.355062726308148,7.641562520951879,1.0986122886681098,3.713572066704308
123,Norway,NOR,High income,91.74,84.6106037,96.3576012951191,4.164,6252000.0,43.823326432022085,3.7,1340,92.0547115,83.85,5296.326,4.2695722277291575,101.0,2.0,7.81,15.648412130472307,8.574957443921097,4.624972813284271,1.0986122886681098
124,Oman,OMN,High income,47.43,75.2355741,80.18560028,2.523,3178000.0,106.36363636363637,3.2,5633,60.0780302,66.03,4665.928,23.935416592514986,7.0,126.0,7.38,14.971762940742058,8.448256318361345,2.0794415416798357,4.844187086458591
125,Pakistan,PAK,Lower middle income,28.93,28.0004036,13.77999973,3.204,0.0,0.0,2.42,5970,42.0691874,44.39,207906.209,8.702986956982702,1281.0,2.0,1.97,0.0,12.244847148569605,7.156176637480615,1.0986122886681098
126,Panama,PAN,High income,36.54,73.7176296,59.9506309038683,5.338,2517000.0,59.80952380952381,3.28,8653,54.2168564,60.24,4106.769,7.074399644368899,198.0,20.0,10.34,14.738578671415745,8.320635337724445,5.293304824724492,3.044522437723423
128,Paraguay,PRY,Upper middle income,31.07,65.4109498,61.0757562215797,6.138,4744000.0,52.14881334188583,2.78,10071,48.4754243,52.37,6867.061,5.480336010331972,45.0,1.0,1.8,15.372391430452256,8.834637103748454,3.828641396489095,0.6931471805599453
129,Peru,PER,Upper middle income,35.85,62.063367799999995,50.4504121848143,3.691,4992000.0,93.4134056567222,2.69,10218,50.5174914,59.13,31444.298,5.609967519633826,1465.0,60.0,6.71,15.423347389351893,10.356004743797065,7.290292882446597,4.110873864173311
130,Philippines,PHL,Lower middle income,34.96,44.0426791,41.59999847,2.552,6621000.0,110.9270468302007,2.9,10831,46.788271099999996,57.02,105172.925,6.373289061752908,1272.0,249.0,4.65,15.70575712494156,11.563370687346348,7.149131598557407,5.521460917862246
131,Poland,POL,High income,64.64,76.1783691,75.9853659493832,4.867,83804000.0,39.82481021106199,3.54,1409,67.62015629999999,66.25,37953.18,-0.53687504555068,2351.0,55.0,12.14,18.243991308942643,10.544134921685805,7.763021309018518,4.02535169073515
132,Portugal,PRT,High income,64.44,83.9123728,73.7912139515729,8.878,15432000.0,121.66044240160873,3.64,1449,77.14027229999999,69.44,10288.527,-1.7616120506203568,361.0,82.0,12.74,16.551953898368115,9.23888186081337,5.8916442118257715,4.418840607796598
134,Romania,ROU,High income,46.86,68.2557605,63.7472821822484,4.927,10926000.0,23.290453622207178,3.12,1884,63.776804899999995,61.47,19653.969,-2.3782462984736963,392.0,146.0,7.91,16.206655919462598,9.8860854606479,5.973809611869261,4.990432586778736
135,Russian Federation,RUS,High income,29.37,56.693905099999995,76.0081385339105,5.238,24390000.0,3.0157121135326914,2.76,2530,42.5565429,48.61,145530.082,0.8346643009577622,4444.0,226.0,10.44,17.009683811192513,11.888144964772883,8.399535147948004,5.424950017481403
136,Rwanda,RWA,Low income,58.1,67.5078017,17.2,11.875,1570000.0,134.67862481315396,2.97,6090,54.5787045,57.61,11980.961,10.81643518248744,19.0,9.0,0.5,14.266586814266963,9.391157547756249,2.995732273553991,2.302585092994046
137,Samoa,WSM,Upper middle income,60.32,84.1553979,58.0258128972333,9.4,158000.0,29.508196721311474,2.7,16059,73.7723941,56.15,195.352,2.4297654128084476,116.0,17.0,21.88,11.970356641102999,5.2799089668646815,4.762173934797756,2.8903717578961645
139,São Tomé and Príncipe,STP,Lower middle income,49.8,69.5584085,32.61640167,8.808,28899.9996,0.0,2.65,5251,48.3736505,42.74,207.089,7.81,1.0,2.0,3.21,10.271631461737659,5.3379658728001855,0.6931471805599453,1.0986122886681098
140,Saudi Arabia,SAU,High income,50.08,54.4923157,94.1755996113911,5.89,18607000.0,5.023423830219563,3.01,4712,51.2380399,56.45,33101.179,10.14612675956744,616.0,722.0,15.57,16.73904846571299,10.407354390014111,6.424869023905388,6.583409222158765
141,Senegal,SEN,Lower middle income,47.5,63.4650532,29.64310074,4.078,1376000.0,56.89851767388826,2.25,4198,54.7344924,51.91,15419.355,11.876945593895519,77.0,12.0,1.61,14.134692024219348,9.643443668901604,4.356708826689592,2.5649493574615367
142,Serbia,SRB,Upper middle income,39.59,67.8903732,70.3308355269141,13.477,1497000.0,131.73374613003094,2.84,1447,55.242332,55.14,8829.628,-1.0009750076915263,85.0,12.0,3.5,14.218974331404214,9.085981412246818,4.454347296253507,2.5649493574615367
144,Sierra Leone,SLE,Low income,34.39,63.381730899999994,9.297100067,3.656,59000.0,0.0,2.08,4687,43.9263755,40.37,7488.423,9.097373666972564,17.0,14.0,1.24,10.985309671896763,8.921247037495773,2.8903717578961645,2.70805020110221
146,Slovak Republic,SVK,High income,52.44,80.48637769999999,81.6256675172655,8.142,15406000.0,0.0,3.03,1100,61.4165135,66.56,5447.9,0.48,71.0,63.0,4.74,16.55026766680482,8.603169032423507,4.276666119016055,4.1588830833596715
147,Slovenia,SVN,High income,63.93,82.0452155,78.8854263554775,6.564,3991000.0,103.83043922369765,3.31,949,69.4542372,64.43,2076.394,0.6438822942063026,72.0,20.0,8.72,15.199552634594609,7.638869502563873,4.290459441148391,3.044522437723423
148,Solomon Islands,SLB,Lower middle income,44.83,67.8696703,15.14840031,0.727,25700.0008,0.0,2.57,15037,53.507651499999994,40.48,636.039,11.324859627259611,62.0,6.0,1.51,10.154285211759346,6.456830878187817,4.143134726391533,1.9459101490553132
149,South Africa,ZAF,Upper middle income,46.24,59.355008299999994,56.16740036,27.035,14975000.0,53.921266317196014,3.38,8533,57.2114826,58.49,57009.756,6.188886530160562,1667.0,514.0,14.11,16.521892768743747,10.950995230769136,7.419380582918692,6.244166900663736
150,Spain,ESP,High income,59.88,70.6878491,84.6022457016524,17.224,121717000.0,24.62066141087335,3.83,1012,74.608077,68.85,46647.428,-0.6032892643183112,1515.0,205.0,12.47,18.617209244174887,10.750394507958513,7.323830566202317,5.327876168789581
151,Sri Lanka,LKA,Lower middle income,41.62,62.8347148,25.07550049,4.046,2248000.0,327.37642585551333,2.6,8570,55.042964999999995,53.02,21128.032,2.2503265007492157,192.0,12.0,2.64,14.625551934835478,9.958403297918503,5.262690188904886,2.5649493574615367
152,St. Kitts and Nevis,KNA,High income,57.29,77.1894751,67.78440094,5.592,1194000.0,124.01500938086305,3.51,6738,71.63308649999999,62.56,52.045,3.4,152.5,4.0,19.22,13.992820410455272,3.971140609911235,5.033700567027251,1.6094379124341003
153,St. Lucia,LCA,Upper middle income,58.01,80.7016349,59.16009903,19.136,1064000.0,15.027027027027026,2.7,6898,69.6235768,59.43,180.954,1.93,1.0,10.0,19.0,13.877546888732908,5.203753907878078,0.6931471805599453,2.3978952727983707
154,St. Vincent and the Grenadines,VCT,Upper middle income,62.06,79.34372119999999,53.70000076,19.024,303000.0,21.2,2.7,6955,67.6123839,57.92,109.827,1.1,116.0,9.0,25.1,12.621491384816093,4.707970426937941,4.762173934797756,2.302585092994046
155,Sudan,SDN,Low income,17.89,32.6307711,18.60000038,13.0,813000.0,84.77272727272728,2.43,4601,33.1752484,32.36,40813.397,10.090611517146767,67.0,2.0,0.54,13.608487618541492,10.616790165796166,4.219507705176107,1.0986122886681098
156,Suriname,SUR,Upper middle income,43.9,68.7426699,48.94520187,7.905,279000.0,84.76821192052981,2.7,7153,52.8102583,44.34,570.496,4.239974711807781,10.0,18.0,9.27,12.53897064502647,6.348257484085262,2.3978952727983707,2.9444389791664403
157,Sweden,SWE,High income,90.55,80.7023028,93.0062669652127,6.718,7054000.0,54.862788144895724,4.05,1589,89.22791199999999,82.39,9904.896,2.9827357326084822,157.0,84.0,7.09,15.769105531541662,9.200885414405407,5.062595033026967,4.442651256490317
158,Switzerland,CHE,High income,94.47,85.7800494,89.6861476710225,4.797,11133000.0,29.33317843866171,3.9,438,89.4848403,84.95,8455.804,4.278347756619354,91.0,51.0,6.49,16.22542431853389,9.04272660344649,4.5217885770490405,3.9512437185814275
160,Tajikistan,TJK,Lower middle income,23.3,54.7341724,21.95999908,7.035,431000.0,32.61538461538461,2.34,5340,36.9271731,42.39,8880.268,10.180180101935921,2.0,38.0,1.45,12.973865689268807,9.091699618585087,1.0986122886681098,3.6635616461296463
161,Tanzania,TZA,Lower middle income,40.76,54.213485899999995,14.46339989,1.854,1327000.0,72.33766233766234,2.57,7017,48.586536599999995,46.11,54660.339,12.74,105.0,2.0,0.63,14.098432066893563,10.90891195607188,4.663439094112067,1.0986122886681098
162,Thailand,THA,Upper middle income,40.35,49.0742678,52.8919293439676,0.83,35592000.0,144.04827207899066,3.41,9517,51.474008999999995,58.18,69209.81,1.563283491123969,1676.0,2.0,4.35,17.387631479564217,11.144912343278477,7.424761761823209,1.0986122886681098
163,Timor-Leste,TLS,Lower middle income,34.08,67.0955373,24.20000076,4.254,73900.0015,0.0,2.57,13137,38.8708295,40.03,1243.258,7.800612853270712,1.0,11.0,1.46,11.210481658941893,7.126294647294044,0.6931471805599453,2.4849066497880004
164,Togo,TGO,Low income,33.07,51.616252499999995,12.3602249692905,3.744,514000.0,594.5945945945946,2.45,4676,43.0745231,42.6,7698.474,10.69420172366344,40.0,16.0,2.39,13.1499804899607,8.948907293820113,3.713572066704308,2.833213344056216
165,Trinidad and Tobago,TTO,High income,42.61,67.1731509,70.59999847,3.389,465000.0,-3.5269709543568464,2.42,7179,56.860997,55.05,1384.059,2.2424416581776057,61.0,23.0,16.63,13.049794835104816,7.233498016992094,4.127134385045092,3.1780538303479458
166,Tunisia,TUN,Lower middle income,46.86,53.197766099999996,55.5001550633671,15.33,7052000.0,0.028368794326241134,2.57,1478,55.4108145,52.96,11433.443,4.386872542386068,213.0,12.0,6.28,15.768821964303632,9.344385395169937,5.365976015021851,2.5649493574615367
167,Türkiye,TUR,Upper middle income,46.51,36.7492235,64.6846176835371,10.919,37970000.0,21.941036675444796,3.15,2628,46.373639399999995,57.13,81116.45,6.83,2192.0,3.0,6.99,17.452306958544565,11.30365338341968,7.693025748417888,1.3862943611198906
168,Turkmenistan,TKM,Upper middle income,18.45,61.984095499999995,58.0258128972333,4.035,0.0,0.0,2.41,4632,31.487998899999997,26.66,5757.667,7.291491579609202,20.0,9.0,1.53,0.0,8.65846130329625,3.044522437723423,2.302585092994046
169,Uganda,UGA,Low income,27.27,54.1846641,7.417900085,3.428,1402000.0,66.11374407582939,2.58,6077,45.6532803,48.96,41166.588,15.33027801831425,65.0,9.0,0.51,14.15341105984318,10.62540652669842,4.189654742026425,2.302585092994046
170,Ukraine,UKR,Upper middle income,28.56,38.7345804,58.8894794459775,9.5,14579000.0,-49.425885454608526,2.83,2050,47.0488308,49.05,44487.709,-1.7649089143341643,1211.0,121.0,7.58,16.495092763678766,10.702990705622264,7.10002716662926,4.804021044733257
171,United Arab Emirates,ARE,High income,69.64,78.1809681,94.8199225383446,2.462,21805000.0,0.0,3.96,5264,63.5648206,72.39,9487.203,3.1452036386526903,48.0,433.0,14.8,16.897649905120044,9.157804516455508,3.8918202981106265,6.073044534100405
172,United Kingdom,GBR,High income,84.62,73.42161399999999,90.4245504868553,4.501,41080000.0,28.82589061716006,3.99,365,84.6468204,81.19,66727.461,2.6828796581953416,1814.0,779.0,13.77,17.531031967367376,11.10838684254163,7.503840746698951,6.659293919683638
173,United States,USA,High income,74.29,67.7755797,87.2748891687657,4.355,174291750.0,-0.8032019942744291,3.89,6194,79.68341699999999,78.66,325084.756,2.74,21914.0,123.0,19.93,18.976241182921665,12.691844291121114,9.99492661285291,4.820281565605037
174,Uruguay,URY,High income,75.11,84.90618549999999,70.3223543994698,7.89,4219000.0,87.09534368070953,2.69,10818,72.00364499999999,65.86,3436.641,1.392500183658491,33.0,3.0,2.97,15.255108928129438,8.142540759315422,3.5263605246161616,1.3862943611198906
175,Uzbekistan,UZB,Lower middle income,22.66,62.240995999999996,48.6999988524556,5.83,2690000.0,151.63704396632366,2.58,5193,39.816872599999996,34.47,31959.785,6.772388300914805,62.0,12.0,0.63,14.805052123325165,10.372264961531013,4.143134726391533,2.5649493574615367
176,Vanuatu,VUT,Lower middle income,46.51,80.4564644,27.20000076,5.247,332700.012,0.0,2.57,16172,65.0933514,49.42,285.51,11.25138815827927,1.0,4.0,4.05,12.714999503781323,5.657773439559625,0.6931471805599453,1.6094379124341003
177,"Venezuela, RB",VEN,Upper middle income,18.45,42.3206813,58.0258128972333,5.045,429000.0,-38.88888888888889,2.23,7643,18.8448234,25.99,29402.484,-1.27,600.0,25.0,7.23,12.969214528909768,10.28886844970716,6.398594934535208,3.258096538021482
178,Viet Nam,VNM,Lower middle income,39.28,68.4569391,58.1400000036297,1.874,12922000.0,205.05193578847968,3.27,9228,51.64039,50.55,94600.648,4.240160986255904,918.0,291.0,4.01,16.374441920487648,11.457430175607048,6.823286122355687,5.676753802268282
179,Zambia,ZMB,Lower middle income,38.46,62.288433299999994,12.19999981,4.529,1009000.0,24.261083743842367,2.53,7481,49.2119064,47.72,16853.599,12.910255716259561,49.0,12.0,1.15,13.824471290415532,9.732378836225253,3.912023005428146,2.5649493574615367
180,Zimbabwe,ZWE,Lower middle income,21.7,51.6333512,24.39999962,6.35,2423000.0,23.87525562372188,2.12,7781,33.1999819,32.9,14236.595,6.638181569908196,69.0,6.0,1.59,14.700517412510091,9.56364128025293,4.248495242049359,1.9459101490553132
